Life expectancy,Adult Mortality,infant deaths,Income composition of resources,Schooling
65,263,62,0.479,10.1
59.9,271,64,0.476,10
59.9,268,66,0.47,9.9
59.5,272,69,0.463,9.8
59.2,275,71,0.454,9.5
58.8,279,74,0.448,9.2
58.6,281,77,0.434,8.9
58.1,287,80,0.433,8.7
57.5,295,82,0.415,8.4
57.3,295,84,0.405,8.1
57.3,291,85,0.396,7.9
57,293,87,0.381,6.8
56.7,295,87,0.373,6.5
56.2,3,88,0.341,6.2
55.3,316,88,0.34,5.9
54.8,321,88,0.338,5.5
77.8,74,0,0.762,14.2
77.5,8,0,0.761,14.2
77.2,84,0,0.759,14.2
76.9,86,0,0.752,14.2
76.6,88,0,0.738,13.3
76.2,91,1,0.725,12.5
76.1,91,1,0.721,12.2
75.3,1,1,0.713,12
75.9,9,1,0.703,11.6
74.2,99,1,0.696,11.4
73.5,15,1,0.685,10.8
73,17,1,0.681,10.9
72.8,18,1,0.674,10.7
73.3,15,1,0.67,10.7
73.6,14,1,0.662,10.6
72.6,11,1,0.656,10.7
75.6,19,21,0.743,14.4
75.4,11,21,0.741,14.4
75.3,112,21,0.737,14.4
75.1,113,21,0.732,14.4
74.9,116,21,0.724,14
74.7,119,21,0.714,13.6
74.4,123,20,0.705,13.1
74.1,126,20,0.697,12.6
73.8,129,20,0.69,12.3
73.4,132,20,0.686,12.3
72.9,136,19,0.68,12
72.3,14,19,0.673,11.7
71.7,146,20,0.663,11.5
71.6,145,20,0.653,11.1
71.4,145,20,0.644,10.9
71.3,145,21,0.636,10.7
52.4,335,66,0.531,11.4
51.7,348,67,0.527,11.4
51.1,355,69,0.523,11.4
56,358,72,0.508,10.3
51,361,75,0.495,9.4
49.6,365,78,0.488,9
49.1,369,81,0.48,8.5
48.7,371,84,0.468,8.1
48.2,375,87,0.454,7.7
47.7,381,90,0.439,7.2
47.4,382,92,0.426,6.8
47.1,386,94,0.415,6.4
46.8,388,95,0.406,5.9
46.5,391,96,0.401,5.5
45.7,44,97,0.391,5.1
45.3,48,97,0.382,4.6
76.4,13,0,0.784,13.9
76.2,131,0,0.782,13.9
76.1,133,0,0.781,13.9
75.9,134,0,0.778,13.8
75.7,136,0,0.782,14.1
75.6,138,0,0.783,14.1
75.4,14,0,0.788,14.2
75.2,142,0,0.786,14.4
75,144,0,0.781,14.5
74.8,145,0,0.773,14.7
74.6,147,0,0,0
74.4,149,0,0,0
74.2,151,0,0,0
74,153,0,0,0
73.8,154,0,0,0
73.6,156,0,0,0
76.3,116,8,0.826,17.3
76.2,118,8,0.825,17.3
76,119,8,0.823,17.3
75.9,12,9,0.822,17.2
75.7,12,9,0.816,17.1
75.5,121,10,0.802,16.8
75.6,126,10,0.794,16.5
75.4,126,10,0.792,16.3
74.8,129,10,0.788,16.3
75.2,127,11,0.782,16.1
74.9,127,11,0.78,16.3
74.7,13,11,0.775,16.3
74.1,137,11,0.77,16.4
74.1,138,12,0.776,16.3
74,138,12,0.771,15.6
74.1,137,12,0.764,15
74.8,118,1,0.741,12.7
74.6,12,1,0.739,12.7
74.4,123,1,0.736,12.7
74.4,121,1,0.732,12.7
73.9,128,1,0.729,12.7
73.5,132,1,0.72,12.3
73.3,137,1,0.725,11.9
73.2,14,1,0.721,12.3
73.5,132,1,0.707,11.7
72.9,141,1,0.692,11.2
73,137,1,0.679,10.9
73,132,1,0.668,10.9
72.7,134,1,0.657,10.8
72.6,134,1,0.645,10.8
72.6,141,1,0.644,11.1
72,142,1,0.639,11.2
82.8,59,1,0.937,20.4
82.7,6,1,0.936,20.4
82.5,61,1,0.933,20.3
82.3,61,1,0.93,20.1
82,63,1,0.927,19.8
81.9,64,1,0.927,19.5
81.7,66,1,0.925,19.1
81.3,66,1,0.921,19.1
81.3,66,1,0.918,19
81.2,66,1,0.915,20.3
81,67,1,0.91,20.3
86,69,1,0.908,20.7
83,71,1,0.905,20.6
79.9,73,1,0.902,20.1
79.9,75,1,0.899,20.5
79.5,78,1,0.897,20.4
81.5,65,0,0.892,15.9
81.4,66,0,0.892,15.9
81.1,68,0,0.887,15.7
88,7,0,0.884,15.7
88,73,0,0.88,15.7
84,75,0,0.872,15.4
82,77,0,0.87,15.3
84,76,0,0.864,15.1
81,8,0,0.86,15.2
79.8,81,0,0.854,15
79.4,85,0,0.848,14.9
79.3,86,0,0.841,14.7
78.8,88,0,0.837,14.7
78.7,9,0,0.847,16.1
78.6,92,0,0.837,15.5
78.1,96,0,0.833,15.4
72.7,118,5,0.758,12.7
72.5,119,5,0.752,12.2
72.2,121,5,0.745,11.9
71.9,123,5,0.742,11.8
71.6,125,5,0.741,11.7
71.1,13,5,0.737,11.7
78,132,6,0.728,11.6
73,141,6,0.719,11.6
73,14,6,0.708,11.6
69.2,154,6,0.682,10.7
68.4,162,6,0.675,11.2
68.4,154,6,0.668,11
67.8,154,7,0.659,10.8
67.8,146,7,0.651,10.6
67.5,151,8,0.642,10.4
66.6,16,9,0.636,10.1
76.1,147,0,0.79,12.6
75.4,16,0,0.789,12.6
74.8,172,0,0.79,12.6
74.9,167,0,0.789,12.6
75,162,0,0.788,12.6
75,161,0,0.788,12.6
74.6,168,0,0.791,12.6
74.5,167,0,0.791,12.6
74.4,167,0,0.79,12.5
74.2,171,0,0.788,12.4
74.1,172,0,0.786,12.4
73.8,174,0,0.784,12.3
73.2,189,0,0.783,12.2
73.1,19,0,0.781,12.1
72.9,189,0,0.779,12.1
72.6,192,0,0,12
76.9,69,0,0.823,14.5
76.8,7,0,0.82,14.5
76.7,7,0,0.815,14.5
76.5,71,0,0.812,14.5
76.1,76,0,0.812,14.4
76.1,73,0,0.81,14.4
76,74,0,0.814,14.4
75.8,76,0,0.815,14.4
75.6,77,0,0.813,14.4
75.5,79,0,0.81,14.2
75.3,81,0,0.806,14
75.2,83,0,0.803,13.9
75,85,0,0.798,13.7
74.9,87,0,0.796,13.5
74.7,9,0,0.794,13.3
74.5,92,0,0.786,13.2
71.8,129,92,0.575,10.2
71.4,132,98,0.57,10
71,135,104,0.565,10
77,137,111,0.557,9.9
73,14,118,0.545,9.4
69.9,142,126,0.535,8.9
69.5,144,135,0.523,8.4
69.1,147,144,0.52,8.6
68.6,151,154,0.513,8.6
68.2,152,164,0.506,8.4
67.8,155,174,0.499,8.2
67.3,158,185,0.491,8.1
66.8,161,196,0.484,7.9
66.3,164,207,0.476,7.7
65.8,168,219,0.468,7.5
65.3,173,231,0.459,7.3
75.5,98,0,0.794,15.3
75.4,1,0,0.793,15.3
75.2,11,0,0.792,15.3
75.1,12,0,0.785,15.3
74.9,14,0,0.78,15.5
74.7,16,0,0.781,15.8
74.6,19,0,0.779,15.5
74.4,111,0,0.775,15.3
74.2,113,0,0.771,15
74.1,115,0,0.766,14.8
73.9,117,0,0.761,14.6
73.8,119,0,0.757,14.4
73.7,121,0,0.753,14.2
73.5,123,0,0.749,14
73.4,125,0,0.75,14
73.3,127,0,0.741,14
72.3,196,0,0.798,15.6
72,199,0,0.796,15.7
71.7,23,0,0.796,15.7
71.9,194,0,0.793,15.6
72,232,0,0.787,15.5
73,222,0,0.78,15.5
70,226,0,0.771,15.4
70,224,1,0.755,15.1
69.8,226,1,0.739,14.9
68.9,243,1,0.723,14.6
68.1,252,1,0.713,14.4
68.2,247,1,0.703,14.1
67.7,253,1,0.695,13.9
67.2,262,1,0.687,13.6
67.7,254,1,0.681,13.3
68,247,1,0.675,13.1
81.1,74,0,0.895,16.6
89,76,0,0.89,16.3
87,77,0,0.889,16.3
83,78,0,0.886,16.2
83,8,0,0.884,16.1
80,81,0,0.878,15.9
79.8,85,0,0.876,15.8
79.5,87,0,0.874,15.8
79.5,86,0,0.871,15.8
79.4,85,0,0.865,15.7
78.9,89,0,0.861,15.7
78.8,91,1,0.88,18.8
78.3,95,0,0.878,18.6
78,99,1,0.875,18.8
78,1,1,0.873,18.2
77.6,11,1,0.869,18
71,175,0,0.706,12.8
70,177,0,0.705,12.8
69.8,18,0,0.706,12.9
69.4,189,0,0.702,12.5
69.4,188,0,0.7,12.4
69.5,186,0,0.7,12.4
69.5,184,0,0.7,12.7
69.6,181,0,0.699,12.8
69.6,181,0,0.7,12.8
69.4,184,0,0.692,12.3
69,191,0,0.695,12.8
68.7,197,0,0.691,12.5
68.4,21,0,0.684,12.2
68.5,199,0,0.678,11.9
68.2,21,0,0.677,11.8
68.3,196,0,0.668,11.7
60,249,25,0.481,10.7
59.7,252,25,0.475,10.7
59.5,251,25,0.466,10.3
59.3,251,25,0.458,10
59.1,251,25,0.454,9.8
58.7,254,25,0.451,9.5
58.4,259,25,0.448,9.3
57.6,278,25,0.444,9.1
57.1,283,25,0.438,8.9
56.8,284,25,0.434,8.7
56.5,285,25,0.43,8.5
56.1,285,25,0.423,8.1
55.8,285,25,0.416,7.7
55.6,283,25,0.407,7.3
55.5,281,25,0.395,6.6
55.4,279,25,0.389,6.4
69.8,211,0,0.604,12.5
69.4,216,0,0.596,12.5
69.1,219,0,0.589,12.6
68.7,223,0,0.581,12.3
68.3,225,0,0.572,11.9
67.9,228,1,0,11.4
67.4,232,1,0,10.9
67,234,1,0,10.5
66.5,238,1,0,10.1
65.8,245,1,0,9.6
65,254,1,0,9.2
64.2,263,1,0,8.8
63.3,273,1,0,8.4
62.5,282,1,0,8
61.7,29,1,0,7.6
62,312,1,0,7.3
77,186,8,0.671,13.8
74,189,8,0.666,13.8
71,192,8,0.661,13.8
69.8,194,8,0.655,13.8
69.3,198,9,0.649,13.8
68.7,22,9,0.643,13.8
68,27,10,0.636,13.8
67.4,211,10,0.632,14
66.8,216,11,0.626,14.1
66.2,219,11,0.625,14.3
65.7,222,12,0.622,14.4
65.1,226,12,0.62,14.6
64.5,23,13,0.617,14.4
63.9,234,14,0.61,14
63.3,238,14,0.607,13.7
62.6,243,15,0.6,13.3
77.4,88,0,0.747,14.2
77.2,89,0,0.742,14.2
77,9,0,0.735,14.2
76.8,92,0,0.728,13.9
76.9,92,0,0.711,13.4
76.4,94,0,0.717,13.3
76.1,97,0,0.716,13.3
76,98,0,0.71,13.1
75.4,16,0,0.703,12.9
75.7,1,0,0.697,12.7
75,12,0,0,12.5
75.5,99,0,0,12.3
75.2,12,0,0,12.1
75.4,11,0,0,11.9
74.9,113,0,0,11.6
74.6,116,0,0,0
65.7,256,2,0.698,12.6
65.1,268,2,0.697,12.6
64.2,286,2,0.693,12.6
63.4,3,2,0.687,12.5
62.2,325,2,0.678,12.4
61.1,349,2,0.669,12.3
59.2,393,2,0.661,12.2
57.5,427,2,0.646,12.1
56.9,436,2,0.63,12.1
54.8,491,2,0.61,11.9
51.7,566,2,0.593,11.9
48.1,652,2,0.58,11.8
46.4,693,2,0.567,11.8
46,699,2,0.558,11.9
46.7,679,2,0.56,11.8
47.8,647,2,0.559,11.7
75,142,42,0.754,15.2
74.8,144,44,0.747,15.2
74.7,146,46,0.734,14.2
74.5,148,49,0.73,14.2
74.1,152,51,0.724,14
73.8,154,54,0.716,13.8
73.6,157,57,0.714,13.8
73.4,158,61,0.704,13.3
73.3,159,65,0.7,13.5
73,161,70,0.698,13.8
72.7,163,75,0.694,13.8
72,17,81,0.695,14
71.8,172,88,0.699,14.8
71.4,176,95,0.692,14.6
71,179,103,0.685,14.3
75,183,111,0.677,14.1
77.7,78,0,0.864,14.9
77.6,8,0,0.863,0
77.1,84,0,0.86,14.9
78.3,79,0,0.852,14.4
77.4,79,0,0.846,14.1
76.9,79,0,0.845,14.2
76.8,88,0,0.841,14.1
77.2,84,0,0.84,14.2
76,1,0,0.84,14.3
76.3,93,0,0.837,14.3
76.2,92,0,0.834,14.1
76.4,89,0,0.828,13.7
76,89,0,0.823,13.4
74.8,95,0,0.82,13.3
74.7,19,0,0.819,13.4
74.4,16,0,0.818,13.4
74.5,137,0,0.792,15
74.3,138,1,0.787,14.8
74.1,14,1,0.781,14.4
73.9,139,1,0.778,14.3
73.7,144,1,0.775,14.2
73.4,147,1,0.77,13.9
73.2,152,1,0.768,13.8
72.9,155,1,0.761,13.8
72.6,157,1,0.755,13.5
72.2,161,1,0.75,13.5
72.1,16,1,0.745,13.5
72.2,157,1,0.738,13.3
72,155,1,0.729,12.9
71.8,157,1,0.723,12.9
71.6,16,1,0.713,12.9
71.1,163,1,0.709,12.9
59.9,26,38,0.399,7.7
59.3,268,39,0.398,7.7
59,27,40,0.392,7.5
58.6,271,41,0.384,7.2
58.1,275,42,0.377,6.7
57.5,279,43,0.365,6.3
56.9,283,44,0.356,5.9
56.1,288,45,0.345,5.4
55.3,293,46,0.334,4.9
54.3,32,47,0.325,4.7
53.3,313,48,0,4.3
52.4,323,49,0,3.9
51.6,332,49,0,3.8
51,338,49,0,3.6
56,344,48,0,3.5
51,348,48,0,3.4
59.6,288,21,0.406,10.6
59.1,297,22,0.404,10.6
58.6,33,22,0.398,10.5
58,312,22,0.393,10.3
57.4,321,22,0.385,9.9
56.8,33,23,0.361,9.3
56.2,338,23,0.336,8.6
55.3,35,23,0.319,7.9
54.8,355,24,0.309,7.2
54.1,361,24,0.29,5.9
53.4,369,24,0.286,5.6
52.6,378,24,0.279,5.2
51.9,387,24,0.276,4.7
51.5,387,24,0.268,4.4
51.3,385,25,0.268,4.5
58,386,25,0.268,4.5
53.3,397,57,,
52.8,47,58,,
52.3,412,59,,
52,415,59,,
51.7,419,60,,
51.5,417,60,,
51,426,60,,
54,437,60,,
49.9,443,61,,
49.4,452,62,,
48.7,466,63,,
48.2,472,64,,
48,473,64,,
47.7,473,65,,
47.8,467,65,,
47.9,461,67,,
73.3,114,0,0.646,13.5
73,117,0,0.643,13.5
72.8,12,0,0.643,13.6
72.7,121,0,0.636,13.2
72.6,122,0,0.632,13.1
72.5,123,0,0.627,12.7
72.4,124,0,0.621,12.4
72.4,124,0,0.615,12.2
72.3,126,0,0.602,11.9
72.1,129,0,0.596,11.9
71.8,134,0,0.582,11.2
71.4,14,0,0.574,11.1
71.1,144,0,0.572,11.3
77,148,0,0.569,11.3
73,152,0,0.562,11
69.9,155,0,0,11.3
68.7,174,10,0.558,10.9
68.3,179,11,0.553,10.9
67.8,183,11,0.546,10.8
67.4,186,12,0.54,10.7
67,19,13,0.533,10.7
66.6,192,14,0.519,10.6
66.1,195,15,0.52,10.5
65.6,199,16,0.511,10.5
65,24,16,0.495,10.3
64.1,216,17,0.483,10.1
62.9,234,18,0.47,10
61.5,253,19,0.458,9.7
63,268,21,0.445,9.3
59.3,273,23,0.427,8.2
58.5,273,25,0.412,7.6
57.7,274,27,0.401,7.2
57.3,357,45,0.514,10.4
56.7,366,47,0.507,10.4
56.4,364,48,0.501,10.4
55.9,369,50,0.496,10.4
55.6,371,51,0.486,10
55.3,37,53,0.48,9.7
54.8,373,54,0.473,9.2
54.2,382,56,0.466,8.8
53.6,395,57,0.456,8
53.3,394,58,0.456,8.2
52.8,4,58,0.456,8.3
52.1,412,59,0.455,8.2
51.8,412,60,0.452,8.1
51.6,47,60,0.452,8.4
51.5,41,61,0.437,7.1
51.4,394,62,0.433,6.9
82.2,64,2,0.919,16.3
82,65,2,0.912,15.9
81.8,67,2,0.909,15.9
81.6,68,2,0.907,15.9
81.5,68,2,0.903,15.9
81.2,7,2,0.898,15.9
81,72,2,0.898,15.9
87,74,2,0.897,15.8
85,74,2,0.894,15.8
85,75,2,0.891,15.8
81,76,2,0.886,15.8
80,77,2,0.881,15.8
79.7,78,2,0.877,15.8
79.5,79,2,0.872,15.8
79.4,8,2,0.867,15.8
79.1,82,2,0.864,15.9
52.5,397,15,0.347,7.1
58,437,15,0.345,7.1
49.9,451,16,0.37,7.1
53,439,16,0.366,7.1
49.8,443,16,0.361,6.8
49.2,446,17,0.352,6.6
48.6,453,17,0.345,6.4
47.6,477,17,0.338,6.3
46.8,495,17,0.33,6.2
46.3,56,17,0.323,6
45.9,511,17,0.319,5.9
45.7,512,17,0.315,5.7
45.7,51,17,0.316,5.6
45.6,58,17,0.315,5.4
45.6,54,17,0.314,5.3
46,49,16,0.312,5.2
53.1,356,46,0.394,7.3
52.6,362,46,0.39,7.3
52.2,366,46,0.387,7.3
51.8,367,46,0.381,7.3
51.6,365,46,0.37,6.7
51.2,364,46,0.36,6.7
57,37,46,0.343,6.3
49.6,394,46,0.338,6
49.4,394,46,0.306,5.7
48.5,414,45,0.303,5.5
48.6,46,45,0.306,5.6
48.5,45,44,0.301,5.6
48.4,43,44,0.284,5.4
48.1,43,43,0.303,5.1
48,4,42,0.3,4.9
47.6,44,41,0,4.7
85,82,2,0.845,16.3
83,83,2,0.841,16.2
81,84,2,0.831,15.6
79.9,84,2,0.826,15.5
79.8,86,2,0.82,15.4
79.1,89,2,0.815,15.2
79.3,91,2,0.816,15.3
79.6,88,2,0.804,15.2
78.9,9,2,0.797,14.8
78.9,91,2,0.796,14.9
78.4,93,2,0.79,14.6
78,97,2,0.781,14.3
77.9,1,2,0.775,14
77.8,11,2,0.768,13.9
77.3,16,2,0.761,13.7
77.3,13,2,0.755,13.5
76.1,85,157,0.734,13.5
75.8,86,171,0.723,13.1
75.6,88,185,0.713,12.7
75.4,89,201,0.703,12.4
75.2,91,215,0.7,12.8
75,92,231,0.691,12.5
74.9,93,248,0.682,12.2
74.5,97,266,0.672,11.9
74.4,96,285,0.659,11.4
74.2,98,307,0.646,11
73.9,99,332,0.634,10.6
73.5,11,360,0.622,10.2
73.1,13,391,0.61,9.9
72.7,16,422,0.6,9.7
72.2,11,457,0.592,9.6
71.7,115,490,0.583,9.5
74.8,143,10,0.724,13.6
74.6,144,11,0.72,13.6
74.4,145,11,0.712,13.3
74.3,143,11,0.707,13.2
74.2,144,12,0.7,13
73.6,15,12,0.695,12.8
73.6,15,13,0.691,12.4
73.5,146,14,0.683,12.2
73.5,144,14,0.675,11.9
73.1,147,15,0.669,11.5
73.1,144,15,0.658,11.1
72.8,148,16,0.658,11.3
72.4,15,16,0.659,11.6
71.8,163,17,0.656,11.5
71.5,165,17,0.653,11.4
71.4,167,18,0.65,11.3
63.5,227,1,0.498,11.1
63.2,23,1,0.497,11.1
62.9,233,1,0.49,10.9
62.5,237,2,0.484,10.8
62.2,241,2,0.479,10.6
61.8,246,2,0.476,10.5
61.3,251,2,0.465,10.3
61,255,2,0.461,10.2
66,259,2,0.459,10
63,262,2,0.451,9.9
60,266,2,0.434,9.7
59.8,269,2,0,9.5
59.6,271,2,0,9.2
59.5,271,2,0,8.8
59.5,272,1,0,8.5
59.5,272,1,0,8.2
64.7,267,7,0.59,11.1
64.2,275,7,0.581,11.1
63.9,274,7,0.576,11.1
63.7,273,7,0.557,10.2
62.9,285,7,0.558,10.7
62,298,7,0.548,10.5
68,314,7,0.545,10.3
59.4,338,8,0.527,10
58.2,354,8,0.517,9.8
56.9,368,8,0.507,9.6
55.3,394,8,0.496,9.4
54.1,48,9,0.497,9.2
53.2,417,9,0.492,9.4
52.6,424,9,0.488,9.5
52.7,419,9,0.487,9.7
52.9,416,9,0.487,9.8
,,0,,
79.6,95,1,0.775,14.2
79.5,96,1,0.768,13.9
79.4,96,1,0.762,13.7
79.2,97,1,0.758,13.6
79,98,1,0.752,13.4
78.1,16,1,0.749,13.3
79.2,96,1,0.747,13.1
78.9,99,1,0.74,12.9
78.9,93,1,0.734,12.8
78,16,1,0.727,12.6
78.6,97,1,0.723,12.4
77.7,12,1,0.719,12.2
78,1,1,0.715,12.1
78.3,99,1,0.712,11.9
77.5,1,1,0.708,11.7
77.6,98,1,0.702,11.6
78,95,0,0.823,15.3
77.8,97,0,0.82,15.1
77.7,97,0,0.817,14.9
77.1,14,0,0.815,14.6
77,14,0,0.808,14.5
76.6,16,0,0.803,14.2
76.3,19,0,0.803,14.2
76,116,0,0.8,14.3
75.8,114,0,0.793,14.3
75.9,113,0,0.783,13.9
75.2,116,0,0.777,13.6
75.4,114,0,0.771,13.3
74.7,122,0,0.765,12.9
74.8,124,0,0.759,12.6
74.9,126,0,0.749,12.3
74.7,127,0,0.739,12.2
79.1,92,1,0.773,13.9
79,93,1,0.772,14
78.7,96,1,0.773,14.7
78.7,96,1,0.778,15.7
78.8,92,1,0.78,16.5
78,98,1,0.784,17.6
78.1,11,1,0.782,17.7
77.9,12,1,0.771,17.1
78.1,14,1,0.754,16
78,14,1,0.732,14.7
77.2,19,1,0.719,14.2
77.3,17,1,0.705,13.2
77.4,18,1,0.694,12.9
77.7,19,1,0.692,12.5
76.7,115,1,0.686,12.3
76.9,115,1,0.679,12.1
85,52,0,0.854,14.3
83,53,0,0.85,14
81,54,0,0.85,13.8
80,56,0,0.85,13.8
79.7,57,0,0.847,13.8
79.5,59,0,0.853,14.6
79.3,6,0,0.849,14.1
79.1,62,0,0.844,13.7
78.9,63,0,0.836,13.5
78.8,64,0,0.829,13.4
78.7,65,0,0.826,13.5
78.6,65,0,0.823,13.4
78.5,66,0,0.815,13
78.4,68,0,0.805,12.5
78.2,69,0,0.8,12.4
78.1,7,0,0.798,12.5
78.8,86,0,,
78.6,88,0,,
78.2,9,0,,
78,93,0,,
77.8,97,0,,
77.5,99,0,,
77.1,12,0,,
77,16,0,,
76.8,17,0,,
76.5,19,0,,
75.9,114,0,,
75.8,116,0,,
75.2,122,0,,
75.3,12,0,,
75.1,123,0,,
74.7,126,0,,
76,139,6,,
73,142,6,,
71,146,6,,
69.8,149,7,,
69.4,153,8,,
69,157,8,,
68.7,161,9,,
68.6,164,9,,
68.5,166,9,,
68.5,165,10,,
68.5,165,10,,
68.4,165,11,,
68.1,165,12,,
67.6,167,14,,
66.6,177,16,,
65.4,192,18,,
59.8,258,236,,
59.3,266,237,,
58.8,272,238,,
58.3,277,239,,
57.9,278,239,,
57.4,283,239,,
56.7,292,238,,
56.3,295,237,,
55.7,299,236,,
55,36,235,,
54.3,314,233,,
53.5,323,232,,
52.8,332,231,,
52.1,341,229,,
51.8,34,227,,
51.3,346,226,,
86,71,0,0.923,19.2
84,73,0,0.926,19.2
81,75,0,0.924,18.7
80,76,0,0.922,18.4
79.7,79,0,0.91,16.9
79.2,84,0,0.906,16.8
78.9,86,0,0.906,16.8
78.8,88,0,0.906,16.8
78.4,93,0,0.904,16.7
78.1,93,0,0.902,16.9
78.1,92,0,0.897,16.6
77.7,98,0,0.893,16.5
77.3,11,0,0.882,16.3
77,14,0,0.875,16.6
77,12,0,0.862,16.2
76.9,12,0,0.86,16.5
63.5,241,1,0.47,6.3
63,252,1,0.467,6.3
62.7,256,1,0.464,6.3
62.2,263,1,0.46,6.3
61.8,268,1,0.451,5.9
61.3,273,1,0.441,5.5
69,279,1,0.436,5.3
62,289,1,0.427,5
59.8,296,1,0.416,4.5
59.1,39,2,0.405,4.3
58.6,318,2,0.396,4
58.1,326,2,0.388,3.7
58,325,2,0.378,3.5
57.9,322,2,0.372,3.3
57.7,323,2,0.363,2.9
57.4,325,2,0.361,2.9
,,0,0.721,12.7
73.9,152,6,0.718,13.2
73.6,154,6,0.712,13.2
73.4,157,6,0.709,13.2
72.1,174,6,0.706,13.1
73.1,16,6,0.703,13
72.7,166,6,0.697,12.9
73.6,157,6,0.695,12.9
73.3,161,6,0.692,12.8
72.9,164,6,0.685,12.7
72.3,178,7,0.677,12.6
69.7,28,7,0.668,12.6
69.3,214,7,0.666,12.5
73,22,7,0.665,12.4
71.4,189,7,0.66,12.3
71.2,188,7,0.656,12.3
72,176,7,0.651,12.2
76.2,118,6,0.739,14
76,121,6,0.737,14
76,121,6,0.725,13.4
75.5,127,7,0.717,13.3
75.3,131,7,0.71,13.2
75,134,7,0.703,13.1
75.1,137,7,0.702,13.1
74.6,139,7,0.698,13
74.7,14,7,0.696,12.9
74.4,144,8,0.693,12.8
74.2,151,8,0.688,12.8
74.4,148,8,0.682,12.7
74.4,151,8,0.679,12.6
73.6,157,8,0.675,12.5
73.4,158,9,0.67,12.4
72.8,163,9,0.668,12.4
79,159,51,0.688,13.1
78,161,53,0.686,13.1
79,159,54,0.681,12.8
72,165,54,0.673,12.4
74,168,55,0.671,12.4
70,173,54,0.665,12.2
69.9,174,54,0.659,12
69.8,172,54,0.651,11.9
69.7,171,55,0.644,11.7
69.5,175,55,0.636,11.5
69.4,174,56,0.629,11.4
69,176,57,0.623,11.2
68.6,178,59,0.621,11.3
68.7,177,61,0.617,11.2
68.6,177,63,0.612,11.1
68.8,171,65,0.606,11
73.5,178,2,0.678,13.2
73.3,181,2,0.676,13.2
73,184,2,0.675,13.2
73,181,2,0.67,13.2
72,197,2,0.666,13
72,191,2,0.662,12.9
71.4,23,2,0.662,12.8
71.7,194,2,0.659,13.4
71.2,23,2,0.657,12.9
75,211,3,0.651,12.9
71,213,3,0.644,12.7
70,215,3,0.636,12.4
69.9,29,3,0.628,121
73,24,3,0.621,11.8
68.9,219,4,0.615,11.6
69,218,4,0.607,11.3
58.2,32,3,0.582,9.2
57.9,32,3,0.582,9.2
57.4,327,3,0.586,9.2
56.7,337,3,0.583,9.2
56.2,344,3,0.58,9.2
56.1,339,3,0.589,9.2
55.7,34,3,0.59,9.1
55.4,338,3,0.592,9.1
55,339,3,0.587,9
54.8,337,3,0.569,9
54.4,337,3,0.563,8.7
54.1,336,3,0.553,8.5
53.8,334,3,0.554,8.4
53.5,334,3,0.542,8.2
53.1,334,3,0.527,8
52.7,336,3,0,0
64.7,255,5,0.418,5
64.4,261,5,0.416,5
64,266,6,0.414,5
63.6,274,6,0.41,5
62.9,286,6,0.405,5
62.1,298,6,0.404,5.1
61.4,311,6,0.402,5.2
67,322,6,0.406,5.2
62,329,6,0.405,5.3
59.7,336,7,0.405,5.3
59.4,34,7,0,5.4
59.1,342,7,0,5
58.8,343,7,0,4.7
58.5,343,7,0,4.4
58.1,345,7,0,4.3
45.3,593,7,0,3.9
77.6,119,0,0.863,16.5
77.3,122,0,0.86,16.5
76.9,127,0,0.856,16.5
76.3,135,0,0.85,16.5
76.1,138,0,0.838,16.4
75.6,137,0,0.833,16.2
74.9,156,0,0.836,16.1
74.2,167,0,0.835,16.1
73,189,0,0.829,16.1
73,188,0,0.822,16.1
72.8,189,0,0.812,15.9
72.3,195,0,0.805,15.7
71.9,199,0,0.798,15.6
71.2,211,0,0.791,15.4
78,225,0,0.781,15
78,218,0,0.764,14.4
64.8,225,136,0.441,8.4
64.2,234,140,0.435,8.4
63.7,237,145,0.427,8.4
63.3,241,150,0.422,8.4
62.6,249,156,0.411,8.2
61.8,261,162,0.401,8.1
68,274,169,0.393,8.1
59.8,289,177,0.378,7.6
58.5,39,186,0.362,7.1
57.2,328,196,0.346,6.6
56,343,206,0.325,5.8
55,354,217,0.31,5.4
54,363,228,0.306,5.2
53.2,369,237,0.298,4.9
52.5,372,246,0.283,4.3
51.2,391,253,0,3.9
69.9,188,0,0.734,15.3
69.7,19,0,0.727,15.2
69.6,192,0,0.719,15
69.4,195,0,0.714,14.9
69.2,197,0,0.709,14.7
69.1,2,0,0.706,14.6
68.9,23,0,0.704,14.5
68.7,26,0,0.7,14.3
68.6,29,0,0.698,14.2
68.5,211,0,0.695,14
68.3,214,0,0.699,13.9
68.1,218,0,0.691,13.4
68,22,0,0.689,13.3
67.9,22,0,0.687,13.3
67.8,221,0,0.683,13.2
67.7,221,0,0.681,13.1
81.1,76,0,0.893,17
89,78,0,0.89,17
87,79,0,0.887,17
84,82,0,0.884,17
83,86,0,0.878,16.9
79.9,89,0,0.874,16.8
79.7,91,0,0.878,17
79.6,94,0,0.876,17.1
79.3,96,0,0.873,17.2
79.2,96,0,0.869,17.2
78.9,11,0,0.864,17.1
78.7,12,0,0.869,18.3
78.4,98,0,0.866,18.1
78.1,98,0,0.863,18
78,1,0,0.856,17.7
77.5,15,0,0.847,17.3
82.4,78,2,0.894,16.3
82.2,79,3,0.89,16.2
82,81,3,0.887,16.2
81.5,83,3,0.885,16.1
81.7,83,3,0.882,16.1
81.3,86,3,0.879,16
81.1,88,3,0.879,16
89,88,3,0.877,16.1
89,89,3,0.873,16.1
86,92,3,0.87,16.1
81,93,3,0.86,15.5
82,94,3,0.857,15.5
79.3,99,3,0.852,15.4
79.2,11,3,0.851,15.5
79,13,3,0.849,15.6
78.8,13,3,0.844,15.7
66,229,2,0.694,12.6
65.5,237,2,0.687,12.6
64.6,255,2,0.678,12.5
63.5,276,2,0.669,12.5
62.8,289,2,0.664,12.5
62.3,294,2,0.66,12.5
61.7,31,2,0.652,12.4
61.6,298,2,0.651,12.4
61.6,291,2,0.645,12.4
61.4,288,2,0.646,12.4
65,37,2,0.64,12.4
59.7,322,2,0.64,12.3
59.7,32,2,0.638,12.3
59.7,315,2,0.636,12.3
59.8,37,2,0.633,12.3
61,296,2,0.637,12.2
61.1,262,3,0.45,8.9
68,266,3,0.449,8.9
66,266,3,0.445,8.9
62,269,3,0.44,8.8
59.8,277,3,0.441,8.7
59.3,284,3,0.439,8.8
59,286,3,0.434,8.9
58.7,287,3,0.426,8.6
58.5,288,3,0.42,8.4
58.2,288,3,0.415,8.1
57.7,294,3,0.412,7.8
57.3,296,3,0.404,7.6
57,297,3,0.395,7.3
56.6,298,3,0.392,7
56.3,3,3,0.384,6.8
55.9,33,3,0.377,6.5
74.4,129,1,0.768,13.9
74.5,125,1,0.759,13.5
74.5,128,1,0.755,13.5
74.2,13,1,0.749,13.4
73.9,127,1,0.742,13.3
73.8,132,1,0.738,13.3
73.2,133,1,0.734,12.8
73.9,128,1,0.735,13.1
74.4,12,1,0.722,12.5
73.9,126,1,0.714,12.6
73.9,128,1,0.703,12.2
72.3,134,1,0.694,12
72.7,132,1,0.684,11.8
71.7,142,2,0.677,11.8
73,121,2,0.673,11.7
71.8,129,2,0,11.4
81,68,2,0.924,17.1
89,69,2,0.92,17
86,71,2,0.919,16.9
86,71,2,0.916,16.9
85,74,2,0.912,16.8
81,76,2,0.907,16.7
80,79,2,0.906,16.7
79.9,8,2,0.903,16.6
79.8,82,3,0.898,16.6
79.6,84,3,0.892,16.5
79.2,85,3,0.884,16.4
79.1,86,3,0.877,16.4
78.5,9,3,0.872,16.3
78.4,91,3,0.867,16.3
78.3,92,3,0.86,16.2
78,95,3,0.855,16.2
62.4,249,37,0.575,11.4
62.1,253,37,0.576,11.7
61.9,254,38,0.57,11.5
61.6,257,39,0.563,11.2
61.2,263,40,0.554,10.9
69,267,40,0.547,10.5
66,271,41,0.542,10.4
63,275,41,0.53,9.8
59.9,28,41,0.519,9.1
59.4,288,41,0.51,8.7
58.9,296,41,0.499,8.1
58.3,34,41,0.491,7.7
57.9,38,41,0.489,7.9
57.6,31,42,0.484,7.6
57.4,39,42,0.485,8
57.2,38,43,0.48,7.7
81,72,0,0.865,17.2
88,73,0,0.862,17.2
86,74,0,0.86,17.1
84,76,0,0.858,16.8
85,76,0,0.86,16.7
83,76,0,0.859,16.4
80,78,0,0.857,16.2
79.9,77,0,0.853,15.9
79.4,8,0,0.855,16.4
79.7,77,0,0.85,16.3
79.3,81,0,0.839,15.6
79.2,81,0,0.83,15.3
79.1,81,0,0.823,15.2
79,81,1,0.811,14.6
78.7,83,1,0.801,14.2
78.2,84,1,0.794,13.9
73.6,142,0,0.751,15.8
73.5,143,0,0.749,15.8
73.3,144,0,0.746,15.8
73.1,146,0,0.744,15.8
72.9,15,0,0.741,15.8
72.6,154,0,0,15.8
72.4,158,0,0,15.6
72.1,162,0,0,15.4
71.9,164,0,0,15.3
71.7,167,0,0,15.1
71.5,169,0,0,14.9
73,187,0,0,14.8
71.1,173,0,0,14.6
79,176,0,0,14.4
77,178,0,0,14.3
74,182,0,0,14.1
71.9,186,10,0.637,10.7
71.7,187,10,0.614,10.7
71.4,189,11,0.611,10.7
71.3,189,11,0.616,10.6
71.1,193,11,0.609,10.5
77,196,12,0.602,10.5
76,198,12,0.596,10.4
79,19,13,0.589,10.4
75,192,13,0.578,10.1
69.7,24,14,0.57,9.8
69.2,28,14,0.567,9.6
69.6,21,15,0.564,9.3
69.4,24,15,0.56,9
69.3,21,16,0.553,8.8
68.4,211,16,0.546,8.5
67.7,221,17,0.539,8.2
59,284,26,0.414,8.8
58.1,299,27,0.412,8.6
58.8,284,27,0.406,8.5
58.4,288,28,0.396,8.5
58.1,29,28,0.385,8.4
57.8,291,29,0.38,8.3
57.3,297,29,0.376,8.1
56.8,33,30,0.371,7.9
56.4,36,31,0.364,7.6
55.6,317,31,0.356,7.1
54.7,327,32,0.346,6.6
54,334,33,0.325,5.1
53.3,338,34,0.338,5.9
52.9,337,35,0.329,5.5
52.5,336,36,0.322,5.1
52.5,328,37,0.316,4.8
58.9,275,4,0.421,9.2
58.4,282,4,0.419,9.2
58.1,279,4,0.415,9.1
57.6,285,4,0.416,9.1
57.1,289,4,0.41,9
56.7,287,4,0.405,8.9
56.3,288,4,0.401,8.9
55.6,297,5,0.398,8.8
55,32,5,0.394,8.8
54.4,36,5,0.388,8.3
53.9,37,5,0,8
53.5,38,5,0,7.7
53,38,5,0,7.4
52.8,35,5,0,7.1
52.5,32,5,0,6.7
52.1,3,5,0,6.4
66.2,215,0,0.638,10.3
66,217,0,0.636,10.3
65.9,218,0,0.633,10.3
65.8,22,0,0.63,10.6
65.6,229,0,0.624,10.3
65.9,221,0,0.618,10.2
66.1,218,0,0.618,10.5
66.3,218,1,0.618,10.7
65.7,232,1,0.62,11.2
65.2,24,1,0.622,11.7
65,238,1,0.619,11.4
65.1,237,1,0.613,11.2
65.3,237,1,0.611,11.1
65.3,244,1,0.609,11
65.4,247,1,0.606,10.9
65.4,246,1,0.602,10.9
63.5,24,14,0.49,9.1
63.1,245,14,0.487,9.1
62.7,253,14,0.483,9.1
62.3,259,15,0.477,8.9
62.3,259,15,0.47,8.7
36.3,682,23,0.47,8.6
62.5,251,16,0.466,8.5
62.1,259,16,0.462,8.4
61.8,266,17,0.458,8.4
61.1,28,17,0.455,8.3
65,29,17,0.452,8.2
58.7,32,18,0.45,8.1
59.7,3,18,0.447,8.1
59.3,33,19,0.444,8
58.9,35,19,0.443,7.9
58.6,35,20,0.439,7.8
74.6,147,3,0.623,11.2
74.5,149,3,0.618,11.4
74.3,15,4,0.614,11.6
74.1,151,4,0.614,11.6
73.9,153,4,0.611,11.7
73.6,156,4,0.606,11.5
73.4,157,4,0.603,11.3
73.2,159,4,0.597,11.1
73,16,5,0.59,10.9
72.8,161,5,0.583,10.8
72.5,163,5,0.577,10.6
72.2,165,5,0.571,10.4
71.9,166,6,0.566,10.3
71.6,169,6,0.561,10.1
71.3,171,6,0.557,9.9
71,174,6,0.551,9.8
75.8,134,0,0.834,15.6
75.6,137,0,0.834,15.8
75.5,139,0,0.824,15.4
75,146,0,0.823,15.4
74.8,15,0,0.821,15.4
74.5,156,0,0.817,15.3
74.2,162,0,0.816,15.3
74.1,165,1,0.812,15.3
73.5,176,1,0.809,15.3
73.4,177,1,0.802,15.2
72.9,182,1,0.795,15
72.9,18,1,0.793,15.3
72.5,184,1,0.784,14.9
72.5,184,1,0.775,14.6
72.3,185,1,0.769,14.2
71.7,193,1,0.761,13.9
82.7,49,0,0.919,19
82.5,49,0,0.915,19
82.4,5,0,0.907,19
82.5,5,0,0.901,18.7
82.1,51,0,0.894,18.6
81.8,53,0,0.894,18.4
81.6,55,0,0.894,18.4
81.4,58,0,0.892,18.2
81.3,59,0,0.887,18.2
81.1,61,0,0.884,18.1
81,62,0,0.879,17.9
88,65,0,0.873,18.3
87,65,0,0.866,17.6
84,7,0,0.859,17.2
80,72,0,0.854,17.1
79.7,74,0,0.847,16.8
68.3,181,910,0.615,11.6
68,184,957,0.607,11.6
67.6,187,1000,0.599,11.5
67.3,19,1100,0.59,11.3
66.8,193,1100,0.58,10.8
66.4,196,1200,0.569,10.4
66,2,1300,0.563,10.5
65.5,23,1300,0.556,10.2
65.2,26,1400,0.546,9.9
64.8,28,1500,0.536,9.7
64.4,211,1500,0.526,9.4
64,214,1600,0.518,9.2
63.7,216,1700,0.505,8.6
63.3,219,1700,0.499,8.4
62.9,222,1800,0.494,8.3
62.5,224,1800,0.489,8.3
69.1,176,114,0.686,12.9
68.9,179,119,0.682,12.9
68.7,181,124,0.677,12.9
68.5,183,129,0.669,12.6
68.3,185,134,0.662,12.3
68.1,187,138,0.656,12.1
67.9,189,143,0.645,11.7
67.7,189,149,0.641,11.7
67.5,19,154,0.638,11
67.3,191,159,0.632,10.9
67.2,19,163,0.629,11.1
65.3,213,174,0.624,11
66.9,189,173,0.613,10.8
66.7,189,177,0.608,10.6
66.5,188,182,0.604,10.6
66.3,188,187,0.597,10.7
75.5,83,18,0.774,14.8
75.4,83,19,0.77,14.9
75.3,83,20,0.769,15
75.1,85,21,0.755,13.6
74.7,93,22,0.745,13.1
74.1,16,22,0.735,12.9
73.3,122,23,0.728,12.8
72.7,135,24,0.716,12.1
72.4,138,25,0.704,11.8
72.2,139,26,0.692,11.4
72,139,27,0.687,11.4
71.8,139,28,0.686,11.8
75,154,29,0.679,11.8
71.2,142,31,0.674,11.9
78,146,33,0.666,11.6
73,15,35,0.66,11.6
68.9,182,32,0.649,10.1
67.9,199,32,0.658,10.1
69.5,17,32,0.659,10.3
76,147,32,0.656,10.5
77,144,32,0.649,10.4
76,145,32,0.646,10.4
74,148,32,0.643,10.3
69.3,167,32,0.638,10.3
65.9,227,31,0.636,10.2
64.7,249,31,0.631,10.2
66.8,29,31,0.628,10.1
67.2,21,30,0.603,9.8
66.5,213,30,0.616,9.4
74,14,30,0.614,9.1
72,142,30,0.607,8.7
70,144,30,0.603,8.6
81.4,64,0,0.92,18.6
81.2,66,0,0.91,18.6
81,67,0,0.902,18.6
85,69,0,0.895,18.5
84,7,0,0.909,18.5
86,68,0,0.907,18.2
79.7,77,0,0.909,17.9
79.8,75,0,0.908,17.9
79.5,75,0,0.902,17.6
79,78,0,0.896,17.6
78.7,78,0,0.889,17.5
78.3,82,0,0.88,17.1
78,82,0,0.87,16.8
77.4,88,0,0.862,16.5
77,89,0,0.857,16.4
76.4,94,0,0.848,16.2
82.5,58,0,0.898,16
82.2,6,1,0.895,16
82.1,61,1,0.891,15.9
81.8,6,1,0.889,15.9
81.8,61,1,0.883,15.8
81.7,61,1,0.878,15.7
81.5,63,1,0.876,15.6
81,65,1,0.877,15.8
84,68,1,0.872,15.7
84,68,1,0.87,15.7
80,71,1,0.866,15.8
81,69,1,0.863,15.9
79.7,71,1,0.863,16
79.3,74,1,0.855,15.3
79.3,74,1,0.85,15.1
78.9,76,1,0.845,15.2
82.7,56,1,0.881,16.3
82.5,57,2,0.877,16.3
82.3,58,2,0.876,16.5
82,6,2,0.877,16.6
82,6,2,0.872,16.4
81.8,6,2,0.869,16.4
81.6,61,2,0.868,16.3
81.5,61,2,0.866,16.3
81.3,63,2,0.862,16.1
81.2,65,2,0.856,16
88,66,2,0.851,15.8
89,66,2,0.846,15.6
79.9,72,2,0.841,15.4
80,72,2,0.836,15.2
79.8,75,2,0.828,14.9
79.4,77,3,0.823,14.8
76.2,125,1,0.729,12.8
75.8,133,1,0.727,12.8
75.6,136,1,0.727,12.8
75.3,138,1,0.725,12.8
75.2,139,1,0.722,12.8
75,138,1,0.721,12.7
74.7,142,1,0.721,12.7
74.5,145,1,0.718,12.6
74.2,148,1,0.714,12.5
74,15,1,0.709,12.5
73.5,161,1,0.706,12.4
73.3,165,1,0.689,11.1
73.1,166,1,0.694,11.9
73,167,1,0.69,11.7
72.7,171,1,0.68,10.9
72.6,171,1,0.682,11.4
83.7,55,2,0.902,15.3
83.5,57,2,0.899,15.3
83.5,56,2,0.894,15.3
83.3,58,2,0.889,15.3
82.5,64,3,0.884,15.1
83,62,3,0.879,15.1
83,64,3,0.881,15
82.7,66,3,0.88,15
82.6,67,3,0.877,15
82.4,68,3,0.873,14.9
82,69,3,0.87,14.9
82.1,68,3,0.866,14.8
81.9,7,3,0.863,14.8
81.8,7,3,0.86,14.7
81.5,72,4,0.856,14.6
81.1,74,4,0.852,14.5
74.1,112,4,0.741,13.1
74,113,4,0.737,13.1
73.9,114,4,0.737,13.1
73.7,115,4,0.735,12.9
73.6,116,4,0.737,13.1
73.4,117,4,0.739,13.2
73.3,118,4,0.742,13.6
73.1,119,4,0.739,13.6
73,12,4,0.736,13.6
72.8,121,4,0.733,13.7
72.4,127,4,0.73,13.8
72.5,125,4,0.723,13.5
72.3,127,4,0.717,13.2
72.1,129,4,0.712,13
71.9,131,4,0.706,12.7
71.7,133,4,0.7,12.6
72,198,4,0.793,15
69.9,22,5,0.789,15
69.5,28,5,0.782,15
69.1,214,6,0.774,14.7
68.5,224,7,0.766,14.4
67.8,236,7,0.763,14.5
67.8,235,7,0.758,14.6
66.6,258,8,0.758,14.6
65.3,288,8,0.754,14.7
65,295,8,0.747,14.3
64.6,294,8,0.737,13.9
64.7,287,8,0.725,13.5
64.4,282,8,0.714,13.1
64.7,276,8,0.7,12.7
64.4,284,8,0.685,12.3
63.9,292,9,0.676,12.1
63.4,249,54,0.55,11.1
62.9,255,56,0.546,11.1
62.6,258,58,0.541,11.1
62.1,263,59,0.536,11.1
61.2,278,60,0.53,11.1
63,294,61,0.523,11.1
59.1,317,62,0.514,10.7
57.9,339,64,0.506,10.4
56.8,356,66,0.494,10.1
55.3,388,68,0.483,9.7
54.1,412,70,0.474,9.6
53,432,72,0.461,8.9
52.4,437,74,0.45,8.2
52.1,437,76,0.451,8.5
51.9,434,77,0.447,8.4
51.9,428,77,0.448,8.4
66.3,198,0,0.586,11.9
66.1,2,0,0.597,11.9
65.8,22,0,0.589,11.9
65.7,24,0,0.581,11.9
65.5,26,0,0.585,11.9
65.3,27,0,0.584,11.9
65.2,28,0,0.576,11.9
65.1,21,0,0.572,11.6
65,211,0,0.574,11.8
65,212,0,0.576,12.1
64.9,213,0,0,12.2
64.8,214,0,0,12.4
64.7,215,0,0,11.6
64.6,217,0,0,11.7
64.3,219,0,0,10.4
64.1,222,0,0,10
74.7,81,0,0.799,13.3
74.6,82,0,0.787,13
74.5,83,1,0.796,13.1
74.3,84,1,0.794,13.2
74.2,85,1,0.792,13.4
74,86,1,0.79,13.5
73.9,87,1,0.788,13.6
73.8,88,1,0.787,13.8
73.7,89,1,0.787,13.9
73.6,89,1,0.787,14.1
73.6,9,0,0.789,14.2
73.5,91,0,0.791,14.4
73.4,93,0,0.788,14.1
73.3,94,0,0.785,13.9
73.2,95,0,0.786,14
73.2,96,0,0.786,14.1
71.1,166,3,0.662,13
78,17,3,0.656,12.8
77,174,3,0.647,12.5
69.9,18,3,0.638,12.3
69.4,188,4,0.632,12.1
68.8,199,4,0.631,12.2
68.5,21,4,0.629,12.4
67.6,217,4,0.624,12.6
67.2,229,4,0.618,12.6
66.7,234,4,0.613,12.5
66.9,224,4,0.612,12.4
67.1,218,4,0.609,12.5
66.6,217,4,0.602,12.2
66.7,215,4,0.601,12.1
67.2,217,4,0.593,11.8
66.6,225,4,0.586,11.4
65.7,194,8,0.582,10.8
65.3,199,8,0.573,10.6
64.9,23,9,0.563,10.4
64.4,28,9,0.554,10.2
64,213,9,0.542,9.9
63.6,218,10,0.535,9.6
63.1,223,10,0.525,9.4
62.6,228,10,0.518,9.2
62.1,234,11,0.509,9
61.5,24,11,0.503,9
61,246,11,0.494,8.7
64,252,12,0.485,8.6
59.8,259,12,0.477,8.3
59.3,265,13,0.468,8
58.7,271,13,0.463,8
58.1,278,14,0.459,8
74.6,153,0,0.828,16
74.4,156,0,0.822,16
74.1,161,0,0.814,15.4
73.8,163,0,0.812,15.5
73.6,169,0,0.81,15.8
72.8,18,0,0.815,16
72.6,184,0,0.821,16.4
71.9,199,0,0.819,16.3
78,221,0,0.814,16.2
75,229,0,0.807,16.2
76,216,0,0.791,15.9
71,26,0,0.776,15.5
78,29,0,0.761,15.2
73,219,0,0.746,14.8
69.9,228,0,0.728,14.2
71,218,0,0.716,13.7
74.9,98,1,0.763,13.3
74.8,99,1,0.763,13.3
74.9,97,1,0.766,13.3
75,93,1,0.763,13.3
75,93,1,0.758,13.2
74.9,94,1,0.752,13.3
74.7,95,1,0.746,13.2
74.5,98,1,0.74,13.1
74.4,98,1,0.731,12.9
74.1,1,1,0.733,13.2
73.9,11,1,0,13.7
73.7,13,1,0,14.2
73.5,15,1,0,14.8
73.2,17,1,0,15.2
73,11,1,0,15
72.7,112,1,0,14.9
53.7,484,4,0.495,10.7
52.1,522,4,0.491,10.8
52.1,518,4,0.484,11.1
52.2,513,4,0.479,11
52.3,52,4,0.469,11
51.1,527,4,0.464,10.9
49.4,566,4,0.453,10.8
47.8,592,5,0.447,10.7
46.2,633,4,0.44,10.6
45.3,654,5,0.437,10.7
44.5,675,5,0.437,10.7
44.8,666,5,0.439,10.7
45.5,648,5,0.44,10.5
46.4,622,5,0.446,10.4
47.8,586,5,0.443,10.3
49.3,543,5,0.445,9.6
61.4,259,8,0.427,9.9
58.1,329,8,0.426,9.9
61.1,258,9,0.419,9.8
67,261,9,0.416,9.6
62,266,9,0.406,9.5
59.7,272,9,0.403,9.6
59.2,277,10,0.4,9.7
58.6,281,10,0.394,9.8
57.9,286,10,0.383,9.9
56.7,32,11,0.377,10
55.3,316,12,0.372,10.1
54,329,12,0.335,10.2
50,42,13,0.373,10.3
56,371,13,0.376,10.4
51.5,333,14,0.386,10.5
51.9,39,14,0.338,8.7
72.7,138,1,0.719,13.4
72.4,143,2,0.73,13.4
72.9,134,2,0.735,13.4
72.9,133,2,0.706,13.7
71.3,161,2,0.756,14
72.8,132,2,0.755,14.3
72.7,132,2,0.757,14.6
72.6,132,2,0.757,14.8
72.5,132,2,0.756,15.1
72.2,134,2,0.752,15.4
71.9,138,2,0.748,15.7
71.5,141,2,0.747,15.9
71.3,144,3,0.74,16
71.1,146,3,0.736,15.8
71,147,3,0.732,15.7
78,148,3,0.727,15.5
73.6,165,0,0.846,16.5
73.4,169,0,0.841,16.5
73,178,0,0.834,16.4
73,176,0,0.83,16.5
72.8,18,0,0.826,16.7
72.4,188,0,0.824,16.8
72.2,192,0,0.825,16.6
71.1,224,0,0.82,16.5
72,24,0,0.812,16.4
76,229,0,0.807,16.4
78,222,0,0.798,16.2
71.6,24,0,0.792,16.3
71.6,22,0,0.78,15.8
71.4,22,0,0.77,15.3
71.2,21,0,0.757,14.7
71.6,2,0,0.745,14
82,63,0,0.896,13.9
81.7,65,0,0.892,13.9
81.4,68,0,0.892,13.9
81.1,7,0,0.892,13.9
88,72,0,0.894,13.9
86,73,0,0.884,13.7
83,76,0,0.888,13.5
80,8,0,0.887,13.5
79.7,82,0,0.877,13.5
79.4,85,0,0.88,13.5
78.8,9,0,0.874,13.5
78.7,92,0,0.867,13.5
78.6,92,0,0.865,13.6
78.3,95,0,0.86,13.5
78,96,0,0.854,13.4
77.8,98,0,0.848,13.5
65.5,22,28,0.511,10.3
65.1,225,29,0.509,10.3
64.7,23,29,0.508,10.3
64.3,235,30,0.506,10.2
63.8,241,31,0.504,10.2
63.3,248,32,0.503,10.2
62.8,254,33,0.5,9.7
62.3,259,34,0.491,9.4
61.9,261,35,0.483,9.1
61.4,263,36,0.478,9
69,265,37,0.473,8.9
64,267,38,0.466,8.7
59.9,268,40,0.457,8.5
59.3,271,41,0.462,8.3
58.7,276,42,0.456,8.2
57.9,283,44,0,8
58.3,365,26,0.473,10.8
57.6,377,27,0.466,10.7
56.7,394,29,0.459,10.7
55.3,42,31,0.454,10.7
54.1,441,32,0.444,10.6
52.9,462,35,0.43,10.2
51.5,491,36,0.415,9.9
50,525,36,0.4,9.6
48.5,559,37,0.387,9.7
47.1,587,38,0.377,9.6
46,66,39,0.371,9.7
45.1,615,40,0.366,10
44.6,613,43,0.362,10.3
44,67,46,0.388,10.4
43.5,599,48,0.387,10.1
43.1,588,51,0.391,10.7
75,123,4,0.787,13.1
74.8,126,4,0.783,13
74.6,128,3,0.779,12.9
74.5,129,3,0.776,12.9
74.3,13,3,0.774,13
74.1,131,3,0.764,12.8
74,131,3,0.756,12.6
73.8,132,3,0.747,12.5
73.7,133,3,0.736,12.3
73.6,134,3,0.732,12.7
73.4,135,3,0.734,12.9
73.2,137,3,0.731,12.7
73.1,138,3,0.724,12.1
72.9,14,4,0.723,12
72.7,144,4,0.725,11.9
72.4,149,4,0.715,11.6
78.5,61,0,0.701,12.7
78.2,62,0,0.693,12.7
77.9,64,0,0.683,12.4
77.6,65,0,0.675,12.1
77.3,67,0,0.663,11.8
76.7,73,0,0.653,11.6
76.3,75,0,0.651,11.8
75.9,81,0,0.641,11.8
75.4,82,0,0.632,11.9
75,88,0,0.622,12
74.3,93,0,0.625,12.1
73.4,16,0,0.617,12.2
72.7,112,0,0.601,11.8
71.8,124,0,0.597,12
78,129,0,0.587,11.8
69.6,139,0,0.577,11.3
58.2,266,52,0.438,8.4
57.8,272,52,0.43,8.2
57.3,275,53,0.421,8
57.2,27,53,0.411,7.7
56.8,271,54,0.404,7.5
56.5,273,54,0.396,7.3
56,276,55,0.385,7.1
55.5,278,55,0.36,5.8
55,282,56,0.363,6.4
54.3,288,57,0.35,6.1
53.6,29,57,0.338,5.8
52.8,296,58,0.333,5.5
52,299,59,0.318,5.2
51.2,31,60,0.308,4.9
55,34,60,0.297,4.6
49.8,37,60,0.291,4.4
81.7,54,0,0.853,14.6
81.4,55,0,0.847,14.3
81.1,57,0,0.828,14.2
81,58,0,0.821,14.1
87,59,0,0.826,14.8
83,62,0,0.819,14.6
82,63,0,0.815,14.4
80,64,0,0.813,14.6
79.6,65,0,0.808,14.4
79.3,66,0,0.809,14.8
79,67,0,0.805,14.8
78.7,69,0,0.797,14.2
78.5,71,0,0.79,13.8
78.2,75,0,0.786,13.8
77.8,79,0,0.783,13.7
77.5,8,0,0.779,13.8
,,0,,0
63.1,25,8,0.513,8.5
63,26,8,0.509,8.5
62.7,28,8,0.501,8.2
62.5,29,8,0.491,7.8
62.2,212,8,0.487,7.7
62,214,8,0.484,7.6
61.7,215,8,0.476,7.1
61.4,217,8,0.475,7.2
61.2,219,8,0.475,7.4
69,221,8,0.466,7.2
66,223,8,0.461,7.2
64,224,8,0.451,6.7
63,226,8,0.447,6.6
62,228,7,0.446,6.5
61,229,7,0.444,6.5
60,23,7,0.443,6.4
74.6,146,0,0.779,15.2
74.2,148,0,0.769,14.7
74.1,147,0,0.765,14.7
73.9,154,0,0.756,14.3
73.6,158,0,0.748,14.1
73.3,163,0,0.74,14
72.8,166,0,0.734,13.8
72.7,166,0,0.728,13.6
72.9,161,0,0.72,13.5
71.8,165,0,0.713,13.4
72.1,168,0,0.704,13
71.9,168,0,0.696,12.8
71.5,174,0,0.687,12.6
71.5,179,0,0.683,12.5
71.5,177,0,0.673,12.2
71,177,0,0.667,12.1
76.7,122,30,0.758,13.3
76.6,122,31,0.754,13.1
76.6,12,32,0.753,12.9
76.3,123,33,0.748,12.7
76.1,124,34,0.745,12.6
75.6,127,35,0.739,12.5
75.7,13,36,0.738,12.5
75.6,127,37,0.735,12.3
76,123,38,0.731,12.3
75.8,125,40,0.723,12.2
75.3,126,42,0.719,12.2
75.4,124,44,0.714,12.1
75,127,46,0.708,11.9
75,127,49,0.703,11.6
75,126,52,0.7,11.6
74.8,129,55,0.694,11.4
69.4,166,0,0.637,11.7
69.4,164,0,0.639,11.7
69.2,166,0,0.641,11.7
69,168,0,0.64,11.7
68.9,169,0,0.638,11.7
68.7,171,0,0.633,11.5
68.5,172,0,0.629,11.4
68.4,174,0,0.628,11.2
68.2,175,0,0.625,11
68,176,0,0.622,10.9
67.9,178,0,0.617,10.7
67.7,179,0,0.616,10.5
67.5,18,0,0.612,10.4
66.2,21,0,0.608,10.2
67.2,183,0,0.604,10.1
67,185,0,0,0
,,0,,
68.8,222,1,0.733,14.8
68.4,225,1,0.729,14.8
68.1,227,1,0.72,14.7
67.8,231,1,0.712,14.7
67.3,235,1,0.701,14.6
66.3,25,1,0.693,14.3
66.9,235,1,0.686,13.8
67.4,225,2,0.673,13.4
65.9,26,2,0.661,13
65,271,2,0.649,12.7
64.5,274,2,0.637,11.8
64,284,2,0.621,11.2
64,271,2,0.609,10.5
63.8,263,2,0.599,10.1
63.2,266,2,0.588,9.4
62.8,274,2,0.582,8.9
76.1,16,0,0.804,15.1
75.9,17,0,0.803,15.1
75.8,19,0,0.799,15.1
75.6,11,0,0.797,15.1
75.4,113,0,0.792,15.1
75.3,115,0,0.787,15
75,117,0,0.785,14.6
74.6,121,0,0.774,14.2
74.2,125,0,0.762,13.6
73.8,13,0,0.751,13.2
73.6,133,0,0.746,12.8
73.5,134,0,0.74,12.6
73.5,134,0,0,0
73.4,136,0,0,0
73.3,136,0,0,0
73,144,0,0,0
74.3,95,17,0.645,12.1
74.1,96,18,0.64,12.1
73.9,97,18,0.634,12.1
73.6,99,19,0.623,11.6
73.3,14,19,0.612,11.2
72.8,11,20,0.603,10.7
72.3,116,20,0.596,10.5
71.8,123,21,0.589,10.3
71.4,128,21,0.581,10
71,133,22,0.575,10
77,137,22,0.569,9.8
72,142,23,0.561,9.6
69.9,146,24,0.551,9.3
69.5,15,25,0.54,8.8
69,155,26,0.53,8.5
68.6,16,27,0.519,8
57.6,355,60,0.414,9.1
56.7,375,61,0.409,9.1
55.3,46,62,0.405,9.1
54.8,48,64,0.4,9.2
54.3,47,66,0.397,9.5
54,47,69,0.39,9.3
53.8,4,70,0.382,9.2
53.2,45,72,0.372,8.8
52.1,425,74,0.36,8.2
51.2,434,78,0.353,7.9
58,434,80,0.341,7.3
54,429,82,0.332,7
51,424,85,0.318,6.7
49.8,416,87,0.311,6.2
49.5,48,90,0.298,5.8
49,43,93,0.291,5.4
66.6,199,39,0.552,9.1
66.4,21,40,0.547,9.1
66.2,22,42,0.54,9.1
65.9,25,44,0.533,9.1
65.6,27,47,0.526,9.1
65.4,29,49,0.515,8.8
65.2,211,52,0.504,8.5
59.2,296,59,0.493,8.2
64.5,217,58,0.484,8.1
64.2,22,61,0.474,8
63.9,224,64,0.465,7.9
63.5,228,66,0.455,7.8
63.2,231,69,0.445,7.7
62.8,235,71,0.435,7.6
62.5,239,72,0.427,7.6
62.1,243,73,0.417,7.5
65.8,248,2,0.637,11.7
65.9,242,2,0.632,11.7
66.1,232,3,0.625,11.6
65.8,232,3,0.619,11.5
64.3,268,3,0.612,11.5
63,299,3,0.604,11.4
62.4,36,3,0.598,11.4
61.7,317,3,0.589,11.3
60,356,3,0.578,11.3
57,431,3,0.57,11.4
55.1,477,3,0.565,11.6
54.7,483,3,0.559,11.7
55,471,3,0.554,11.7
55.7,452,3,0.556,11.8
56.5,426,3,0.556,11.7
57.4,41,3,0.559,11.5
,,0,,9.6
69.2,165,17,0.555,12.2
69.6,158,18,0.551,12.4
69.3,162,19,0.545,12.3
68.9,167,20,0.538,12.3
68.4,172,22,0.529,12
68,178,23,0.515,11.1
67.5,183,25,0.502,10.5
67,189,27,0.492,10.1
66.6,194,29,0.486,10
66,21,31,0.476,9.6
65.4,28,33,0.469,9.4
64.7,218,35,0.463,9.3
64.3,22,38,0.457,9.2
63.1,238,40,0.447,8.6
63.2,23,43,0.446,9
62.5,238,46,0.439,8.9
81.9,57,1,0.923,18.1
81.7,58,1,0.923,18.1
81.4,6,1,0.922,18.1
81.1,62,1,0.921,18.1
81.1,63,1,0.911,17.2
88,64,1,0.906,17
86,65,1,0.906,16.9
83,68,1,0.905,16.8
82,68,1,0.899,16.6
79.8,71,1,0.893,16.5
79.4,72,1,0.888,16.4
79.2,77,1,0.885,16.5
78.7,8,1,0.881,16.5
78.4,81,1,0.882,16.9
78.3,82,1,0.878,16.7
78.1,84,1,0.873,16.5
81.6,66,0,0.913,19.2
81.5,67,0,0.91,19.2
81.3,69,0,0.908,19.3
81.1,7,0,0.904,19.5
86,72,0,0.901,19.7
89,71,0,0.899,20.3
85,73,0,0.895,19.3
81,75,0,0.894,19.5
81,76,0,0.891,19.2
79.9,76,0,0.888,19.1
79.9,78,0,0.886,18.9
79.2,79,0,0.884,18.4
79.1,82,0,0.881,18.2
78.7,83,0,0.873,17.5
78.5,83,0,0.868,17.4
78.6,87,0,0.864,17.2
74.8,145,2,0.642,11.7
74.5,148,2,0.636,11.6
73.9,157,2,0.63,11.5
73.9,157,2,0.625,11.5
74.5,147,3,0.62,11.5
73.2,154,3,0.614,11.4
73.2,163,3,0.613,11.3
72.5,169,3,0.607,11.1
72.5,173,3,0.601,11
73,17,3,0.597,11
71.2,194,3,0.592,11
71,194,4,0.587,11
76,198,4,0.583,11
75,197,4,0.577,10.7
73,193,4,0.57,10.4
73,192,4,0.562,10.1
61.8,22,49,0.351,5.4
61.4,223,49,0.345,5.3
69,227,49,0.341,5.3
63,232,49,0.331,5.1
59.4,241,50,0.323,4.8
58.2,252,50,0.312,4.5
57.1,263,51,0.307,4.2
56,272,52,0.298,4
55.2,276,53,0.293,3.8
54.5,277,54,0.286,3.7
53.7,278,55,0.278,3.5
52.9,279,56,0.27,3.1
52.1,28,56,0.266,3
51.4,282,57,0.261,2.9
56,283,57,0.255,2.9
50,284,58,0.253,2.8
54.5,344,483,0.525,10
53.6,362,490,0.521,10
53.2,367,498,0.514,9.8
52.7,374,505,0.507,9.7
52.3,375,513,0.5,9.6
52,374,521,0.492,9.5
51.6,376,527,0.487,9.3
59,386,536,0.481,9.2
55,388,542,0.477,9.1
49.8,396,549,0.466,9
49.2,4,556,0.463,8.9
48.5,47,563,0.445,8.5
48.1,41,567,0,8.1
47.7,49,571,0,7.7
47.4,48,574,0,8
47.1,45,576,0,7.6
,,0,,
81.8,59,0,0.948,17.7
81.6,61,0,0.945,17.7
81.5,62,0,0.942,17.5
81.3,61,0,0.941,17.6
81.1,67,0,0.939,17.6
81,66,0,0.936,17.4
89,67,0,0.936,17.4
86,67,0,0.936,17.6
85,67,0,0.934,17.6
84,7,0,0.931,17.5
81,73,0,0.929,17.6
79.8,77,0,0.924,17.5
79.4,78,0,0.918,17.1
78.9,81,0,0.916,17.1
78.8,82,0,0.917,17.5
78.5,85,0,0.911,17.1
76.6,99,1,0.795,13.7
76.4,11,1,0.796,13.7
76.2,12,1,0.796,13.7
76,14,1,0.797,13.7
75.8,15,1,0.797,13.6
75.6,16,1,0.797,13.5
75.4,18,1,0.782,12.4
75.2,19,1,0.765,11.9
74.9,113,1,0.753,11.5
74.7,115,1,0.748,11.6
74.3,118,1,0.742,11.5
74,122,1,0.734,11.5
73.6,127,1,0.725,11.2
73.3,13,1,0.716,11
72.9,134,1,0.705,10.7
72.6,138,1,0,10.4
66.4,161,352,0.548,8.1
66.2,162,359,0.542,7.8
66,163,365,0.538,7.7
65.7,165,369,0.529,7.6
65.5,167,371,0.525,7.5
65.1,172,372,0.521,7.5
64.8,175,371,0.514,7.3
64.6,177,369,0.513,7.3
64.4,178,367,0.505,6.7
64.2,179,365,0.501,6.5
62.9,2,364,0.487,6.1
63.7,183,364,0.474,5.6
63.5,185,366,0.465,5.6
63.2,187,371,0.457,5.5
63,189,377,0.45,5.4
62.8,19,385,0.445,5.3
,,0,0.779,14.2
77.8,118,1,0.785,13
77.6,119,1,0.78,13
77.5,118,1,0.773,12.9
77.2,12,1,0.765,12.8
77.3,121,1,0.758,12.9
76.5,122,1,0.756,12.8
76.8,127,1,0.755,12.8
76.5,127,1,0.75,12.8
76.4,124,1,0.743,12.9
76.2,125,1,0.744,12.9
75.8,122,1,0.74,12.9
75.8,123,1,0.733,12.8
75.5,126,1,0.728,12.8
75.7,125,1,0.725,12.6
75.5,124,2,0.721,12.4
75.7,121,2,0.716,12.1
62.9,275,10,0.515,10
62.7,278,10,0.511,10
62.4,281,10,0.506,10
62.2,284,10,0.501,9.9
62,285,10,0.494,9.9
61.8,286,10,0.485,9.6
61.6,288,11,0.477,9.2
61.4,29,11,0.469,8.9
61.1,295,11,0.461,8.6
68,299,11,0.454,8.2
64,37,11,0.446,7.9
59.9,314,11,0.439,7.6
59.6,321,11,0.433,7.2
59.3,327,11,0.428,6.9
59.1,331,11,0.422,6.6
58.9,335,11,0.418,6.2
74,146,2,0.692,12.3
73.9,147,3,0.688,12.3
73.8,148,3,0.679,12.3
73.6,148,3,0.679,12.3
73.4,15,3,0.675,12.3
73.2,152,3,0.664,12.4
73,155,3,0.663,12.1
72.7,157,3,0.654,11.9
72.5,159,3,0.649,12
72.3,161,3,0.648,12.1
72.1,163,3,0.646,12.3
71.9,165,3,0.639,12.1
71.7,166,4,0.642,12.7
71.5,168,4,0.632,12.2
71.2,17,4,0.624,11.8
79,172,4,0.625,11.6
75.5,123,8,0.737,13.4
75.3,125,8,0.735,13.4
75.3,125,8,0.731,13.4
74.9,129,9,0.725,13.4
74.5,133,9,0.721,13.4
73.7,14,10,0.708,13.3
73.8,14,10,0.706,13.3
73.9,138,11,0.7,13.2
74,133,11,0.696,13.2
74.2,134,12,0.693,13
72.8,148,13,0.692,13
72.2,151,14,0.685,12.8
72.1,152,15,0.686,13.3
72.6,144,16,0.686,13.9
72.4,142,17,0.677,13.4
71.4,154,18,0.674,13.5
68.5,211,52,0.679,11.7
68.4,214,54,0.676,11.7
68.1,219,55,0.671,11.7
68.1,217,56,0.666,11.6
68,218,57,0.669,11.5
67.9,218,58,0.662,11.4
68,219,59,0.661,11.7
67.5,217,60,0.655,11.5
67.5,216,62,0.648,11.4
67.3,219,63,0.646,11.5
67,223,65,0.642,11.6
67.3,218,66,0.636,11.6
67.2,217,67,0.631,11.6
66.8,221,68,0.625,11.4
66.8,221,68,0.622,11.4
66.8,219,69,0.618,11.4
77.5,117,2,0.852,16.4
77.3,12,2,0.85,16.4
77.1,12,2,0.838,15.4
76.8,125,2,0.834,15.3
76.7,128,2,0.829,15.4
76.3,13,2,0.822,15.1
75.7,136,2,0.818,15.1
75.5,14,2,0.813,15
75.3,144,2,0.808,15
75.2,144,2,0.803,15
75,144,2,0.797,14.8
74.9,143,2,0.8,15.5
74.7,142,3,0.796,15.3
74.5,145,3,0.79,15
74.2,149,3,0.784,14.7
73.7,153,3,0.777,14.6
81.1,76,0,0.841,16.6
89,78,0,0.837,16.8
86,79,0,0.827,16.3
83,81,0,0.824,16.3
82,85,0,0.818,16.2
79.6,88,0,0.812,16
79.3,9,0,0.809,16
79,92,0,0.804,15.8
78.7,94,0,0.797,15.4
78.5,96,0,0.793,15.4
77.7,11,0,0.79,15.4
78,99,0,0.792,15.9
77.3,15,0,0.789,15.8
77.2,17,1,0.788,15.9
76.9,11,1,0.782,15.7
76.6,11,1,0.777,15.5
78.2,68,0,0.855,13.4
78.1,69,0,0.854,13.4
77.9,7,0,0.843,13.4
77.8,72,0,0.837,13.4
77.5,74,0,0.827,12.4
77.3,76,0,0.825,12
77,79,0,0.828,11.8
76.8,82,0,0.825,11.7
76.7,83,0,0.83,12.6
76.6,83,0,0.835,13.7
76.6,84,0,0.83,13.7
76.6,84,0,0.826,13.5
76.5,85,0,0.815,12.8
76.4,85,0,0.807,12.2
76.3,87,0,0.809,12.6
76.2,88,0,0.808,13
82.3,64,1,,
82,66,1,,
81.7,68,1,,
81.2,69,1,,
81.1,72,2,,
87,74,2,,
86,75,2,,
83,75,2,,
79.8,77,2,,
79.4,79,2,,
78.7,84,2,,
78.2,89,3,,
77.6,95,3,,
77.1,99,3,,
76.7,17,3,,
76,116,4,,
72.1,157,1,,
71.8,162,1,,
71.7,163,1,,
79,175,1,,
77,177,1,,
68.8,219,1,,
69,218,1,,
68.9,228,1,,
68.3,237,1,,
68,242,1,,
67.3,248,1,,
68,225,1,,
67.6,226,1,,
67.5,225,1,,
67.6,228,1,,
67.1,235,1,,
75,133,2,0.798,14.7
74.8,135,2,0.797,14.7
74.6,138,2,0.794,14.7
74.4,138,2,0.797,15.3
74.3,139,2,0.798,15.7
73.4,153,2,0.797,15.8
73.1,158,2,0.795,15.4
73.1,159,2,0.78,14.7
72.9,154,3,0.766,14.1
72.5,157,3,0.755,13.7
71.9,162,3,0.745,13.4
71.7,165,4,0.733,12.9
71.1,174,4,0.722,12.5
77,178,4,0.714,12
78,179,4,0.708,11.7
77,175,4,0.703,11.5
75,222,13,0.805,15
73,225,13,0.803,14.9
70,229,14,0.799,14.6
69.6,237,14,0.792,14.3
69.4,242,14,0.785,14
68.4,256,15,0.773,13.7
68.2,261,15,0.776,14
67.5,278,16,0.769,13.9
67.3,282,16,0.761,13.8
66.4,3,17,0.754,13.8
65,327,18,0.748,13.7
64.9,321,19,0.741,13.6
64.6,322,20,0.733,13.2
64.8,313,20,0.727,12.8
65.1,38,21,0.72,12.5
65,37,22,0.709,12.1
66.1,227,11,0.493,10.8
65.7,23,12,0.488,10.8
65.2,233,12,0.485,10.8
64.6,239,13,0.475,10.5
63.8,247,14,0.464,10.2
62.8,26,16,0.454,10
61,288,17,0.447,10.2
68,282,18,0.438,10.4
59.6,295,20,0.424,10.1
57.6,328,22,0.404,9.3
55.3,37,24,0.388,8.8
53.4,397,26,0.371,8.2
52,48,29,0.359,7.6
57,415,31,0.343,7.2
48.6,438,33,0.332,7.1
48.3,426,34,0.318,6.6
,,0,0.749,13.4
75.2,138,0,0.735,13.1
75,139,0,0.723,13.1
74.8,141,0,0.734,13.1
74.7,142,0,0.735,13
74.6,143,0,0.733,12.9
74.2,147,0,0.724,12.8
74.3,147,0,0.717,12.7
74.1,149,0,0.71,12.6
73.9,151,0,0.707,12.8
73.5,155,0,0.694,12.4
73.1,16,0,0.689,12.2
72.6,166,0,0.686,12.3
72.2,171,0,0.684,12.4
72,174,0,0.681,12.5
71.8,178,0,0.684,12.6
71.6,183,0,0,12.8
73.2,156,0,0.72,13.3
73.1,157,0,0.72,13.3
72.7,161,0,0.717,13.3
72.8,159,0,0.713,13.3
72.7,16,0,0.712,13.3
72.5,162,0,0.711,13.3
72.3,165,0,0.709,13.3
72.1,167,0,0.704,13.3
71.9,17,0,0.702,13.3
71.7,173,0,0.695,13.3
71.4,177,0,0.692,13.3
71.2,181,0,0.689,13.2
71,184,0,0.682,13
79,186,0,0.677,12.9
79,186,0,0.673,12.8
79,186,0,0,12.7
74,125,0,0.702,12.9
73.8,128,0,0.701,12.9
73.6,131,0,0.7,12.9
73.2,136,0,0.698,12.9
73,139,0,0.693,12.9
72.6,144,0,0.69,12.9
76,172,0,0.691,12.9
72.5,146,0,0.688,12.9
72.2,149,0,0.682,12.9
72,153,0,0.677,12.7
71.6,16,0,0.671,12.6
71.4,162,0,0.665,12.4
79,169,0,0.659,12.3
76,174,0,0.653,12.1
75,175,0,0.645,12
72,18,0,0.64,12.1
,,0,,15.1
67.5,19,0,0.565,11.2
67.3,191,0,0.562,11.1
67.1,192,0,0.559,11
66.9,194,0,0.553,10.8
66.6,198,0,0.546,10.6
66.2,24,0,0.542,10.6
65.8,21,0,0.533,10.1
65.4,215,0,0.531,10.4
65.1,217,0,0.527,10.3
64.7,22,0,0.521,10.2
64.3,222,0,0.514,10
63.8,224,0,0.509,9.8
63.4,225,0,0.504,9.7
63.1,226,0,0.501,9.6
62.8,225,0,0.497,9.4
62.6,224,0,0.488,9.3
74.5,88,7,0.845,16.1
74.4,88,7,0.841,15.8
74.3,89,8,0.83,15.2
74.1,9,8,0.818,14.5
73.9,92,8,0.804,13.9
73.7,94,8,0.792,13.3
73.4,97,8,0.787,13
73.3,98,9,0.779,12.8
73.2,99,9,0.773,12.7
73.2,1,9,0.767,12.5
73.1,11,9,0.761,12.4
73.1,12,9,0.754,12.3
73,13,9,0.747,12.2
72.9,15,10,0.745,12.1
72.8,17,10,0.742,12
72.6,11,10,0.737,11.8
66.7,188,19,0.491,9.5
66.4,192,19,0.483,9.1
66,196,20,0.474,8.7
65.6,2,20,0.463,8.3
64.9,26,20,0.455,7.9
64.3,212,21,0.449,7.7
63.5,219,21,0.444,7.5
62.8,225,22,0.435,7.1
62.1,23,22,0.425,6.8
61.3,236,23,0.422,6.6
65,242,23,0.415,6.4
59.7,247,24,0.408,6.2
59,251,25,0.401,5.9
58.4,252,25,0.397,5.7
57.9,251,26,0.381,5.4
57.5,25,27,0.378,5.2
75.6,121,1,0.775,14.4
75.4,123,1,0.771,14.3
75.3,122,1,0.766,14.1
74.9,126,1,0.767,14
74.6,127,1,0.757,13.5
74.4,128,1,0.755,13.6
74.1,131,1,0.754,13.6
74,132,1,0.749,13.5
73.8,132,1,0.743,13.5
73.6,133,1,0.739,13.4
73,135,1,0.73,13.2
73,134,1,0.72,13.1
73,134,1,0.715,13
72.9,133,1,0.715,13.2
73.1,135,1,0.709,13.1
72.6,141,1,0.702,13
73.2,168,0,0.781,14.1
73,17,0,0.766,13.2
72.9,172,0,0.762,13.5
72.7,174,0,0.755,13.5
72.6,177,0,0.744,13.3
72.4,18,0,0.74,13.2
72.3,182,0,0.739,13.2
72.2,184,0,0.739,13.2
72.2,185,0,0.733,13.1
72.2,185,0,0.728,13.1
72.2,185,0,0.712,12.1
72.1,186,0,0.715,12.3
72.1,185,0,0.713,12.1
72.1,186,0,0.712,12.1
72,187,0,0.714,12.2
71.8,188,0,0,12.3
51,413,22,0.431,9.5
48.1,463,23,0.426,9.5
54,47,23,0.413,9.3
49.7,411,25,0.401,9.1
48.9,418,26,0.392,8.9
48.1,424,27,0.384,8.7
47.1,433,28,0.375,8.5
46.2,441,29,0.367,8.3
45.3,45,29,0.357,8.2
44.3,464,30,0.348,8
43.3,48,30,0.341,7.8
42.3,496,30,0.332,7.6
41.5,57,30,0.322,7.4
48,513,30,0.306,7.2
41,519,30,0.302,7
39,533,29,0.292,6.7
83.1,55,0,0.924,15.4
82.9,56,0,0.922,15.4
82.7,57,0,0.92,15.4
82.5,59,0,0.917,15.4
82.2,6,0,0.911,15.2
82,61,0,0.889,14.5
81.7,62,0,0.887,14.4
81.4,64,0,0.88,14.2
81.1,65,0,0.873,14.1
87,66,0,0.839,13.9
82,69,0,0.821,12.6
79.7,71,0,0.82,12.7
79.3,73,0,0.819,12.7
79,74,0,0.818,12.6
78.7,76,0,0.82,12.7
78.3,78,0,0.81,12.5
76.7,19,0,0.842,15
76.4,113,0,0.841,15.1
76.1,114,0,0.838,15
75.8,118,0,0.835,15
75.6,122,0,0.829,15
75.1,124,0,0.822,15
75,131,0,0.82,14.9
74.7,136,0,0.813,14.8
74.4,14,0,0.802,14.5
74.3,138,0,0.793,14.3
74,141,0,0.784,14
74.1,138,0,0.776,13.8
73.8,144,0,0.771,13.6
73.7,145,0,0.763,13.3
73.3,145,0,0.763,13.3
73,147,0,0.761,13
88,74,0,0.888,17.3
87,76,0,0.888,17.6
85,78,0,0.878,16.8
82,81,0,0.877,16.8
79.8,84,0,0.876,17
79.5,87,0,0.872,16.9
79.1,9,0,0.873,16.9
78.9,96,0,0.869,16.9
78.3,12,0,0.865,16.8
78.1,17,0,0.858,16.7
77.5,14,0,0.853,16.3
77.2,113,0,0.85,16.6
76.5,119,0,0.843,16.1
76.6,117,0,0.835,15.6
76.2,124,0,0.824,14.7
76,122,0,0.818,14.6
69.2,177,0,0.514,9.6
68.8,183,0,0.512,9.6
68.8,182,0,0.509,9.5
68.7,184,0,0.505,9.4
68.5,186,0,0.497,9.4
68.3,188,0,0.492,9.3
68.1,192,0,0.494,9.3
68,193,0,0.489,9.2
67.6,2,0,0.482,9
67.6,2,0,0.47,8.4
67.4,24,0,0.465,8.3
67.1,29,0,0.459,8.1
66.8,215,0,0.453,8
66.5,22,0,0.446,7.3
66.2,227,0,0.442,6.6
65.8,235,0,0.455,7.2
55,312,50,,
54.3,321,51,,
54.2,318,51,,
53.1,336,51,,
53.1,329,51,,
52.4,336,52,,
52.2,335,52,,
51.9,336,52,,
51.5,34,52,,
51.5,337,51,,
51.6,334,50,,
51.2,341,49,,
51.1,344,48,,
58,348,47,,
57,352,46,,
55,355,45,,
62.9,328,42,0.665,13
62,347,42,0.66,13
69,371,43,0.652,12.8
59.2,48,43,0.644,12.8
58.9,413,43,0.638,12.8
58,428,43,0.63,12.8
56.5,449,46,0.622,12.8
55.3,473,50,0.616,12.9
54.5,486,51,0.612,12.9
54,496,54,0.609,12.9
53.8,498,55,0.609,12.9
53.7,497,55,0.611,12.9
54,485,55,0.613,12.9
54.9,459,54,0.62,12.9
56,429,52,0.629,13
57.3,397,51,0.635,13
57.3,332,26,0.421,4.9
56.6,343,26,0.421,4.9
56.4,345,26,0.417,4.9
56,347,26,0.419,4.9
55.4,355,27,0.429,4.9
55,359,27,0,0
54.3,369,27,0,0
53.6,377,27,0,0
53.1,381,27,0,0
52.5,383,28,0,0
51.9,383,28,0,0
51.4,383,29,0,0
58,383,29,0,0
52,382,30,0,0
49.6,381,30,0,0
48.9,38,31,0,0
82.8,56,1,0.882,17.7
82.6,58,1,0.877,17.6
82.4,6,1,0.874,17.5
82,61,1,0.871,17.2
82.1,63,1,0.867,16.9
81.9,64,1,0.86,16.4
81.6,66,2,0.858,16.3
81.3,7,2,0.854,16.1
89,72,2,0.849,16
88,73,2,0.844,15.9
81,77,2,0.837,15.8
81,79,2,0.833,15.6
79.4,83,2,0.83,15.6
79.5,83,2,0.828,15.7
79.4,84,2,0.825,15.7
79.1,86,2,0.82,15.7
74.9,138,3,0.764,14
74.7,141,3,0.76,14
74.6,142,3,0.757,13.8
74.5,143,3,0.752,13.7
74.5,141,3,0.746,13.6
74.5,138,3,0.739,13.5
71.8,183,4,0.735,13.4
72.3,172,4,0.731,13.3
73.7,146,4,0.725,13.2
73.8,145,4,0.718,13.1
74.2,138,4,0.712,12.9
69.1,197,6,0.705,12.8
73.9,146,5,0.697,12.7
73.7,149,5,0.699,12.6
72.7,16,5,0.686,12.5
71.5,175,5,0.677,12.4
64.1,225,58,0.488,7.2
63.8,229,59,0.485,7.2
63.5,232,60,0.478,7
63.2,235,61,0.468,6.8
62.7,241,61,0.463,7
62.5,243,62,0.461,7
62,248,63,0.456,6.8
61.8,251,64,0.444,6.3
61.4,254,65,0.44,6.4
61,26,66,0.43,6.2
67,261,66,0.423,6.1
59.7,278,68,0.415,5.7
59.6,278,69,0.409,5.6
59.4,277,70,0.403,5.6
58.9,283,71,0.399,5.6
58.6,284,71,0.394,5.5
71.6,176,0,0.723,12.7
71.4,178,0,0.722,12.7
71.2,179,0,0.719,12.7
71.3,178,0,0.708,12.7
76,187,0,0.704,12.5
73,19,0,0.7,12.3
70,196,0,0.696,12.1
69.8,196,0,0.691,11.9
69.5,22,0,0.684,11.7
69.3,199,0,0.678,11.5
68.9,25,0,0.672,11.3
68.3,214,0,0,11.1
68,223,0,0,10.9
67.9,221,0,0,11
67.7,219,0,0,11
67.4,224,0,0,11.1
58.9,373,2,0.541,11.4
58.4,382,2,0.541,11.4
57.6,393,2,0.539,11.4
56.5,412,2,0.534,11.3
55,438,2,0.526,11.2
53.6,459,2,0.523,11
52.6,46,3,0.519,10.8
51.4,477,3,0.514,10.6
50,51,3,0.508,10.5
47.8,564,3,0.502,9.9
46,63,3,0.495,9.7
45.6,69,3,0.492,9.4
45.9,6,3,0.493,9.1
46.4,587,3,0.502,9.2
47.1,568,3,0.506,9.3
48.4,536,3,0.516,9.4
82.4,53,0,0.909,15.9
82.3,54,0,0.906,15.8
81.9,57,0,0.904,15.8
81.7,57,0,0.903,15.8
81.7,58,0,0.901,16
81.5,58,0,0.895,15.8
81.4,62,0,0.898,15.8
81.1,62,0,0.897,15.7
89,63,0,0.895,15.8
88,64,0,0.892,15.9
85,66,0,0.89,16
83,7,0,0.888,16
82,69,0,0.882,15.9
79.9,71,0,0.88,15.9
79.8,73,0,0.877,15.9
79.6,73,0,0.873,15.9
83.4,49,0,0.938,16
83.2,51,0,0.936,15.9
83,52,0,0.934,15.8
82.7,54,0,0.932,15.7
82.6,55,0,0.932,15.6
82.3,57,0,0.92,15.4
82.1,6,0,0.916,15.3
82,6,0,0.914,15.3
81.7,63,0,0.911,15.3
81.5,65,0,0.904,15.2
81.1,66,0,0.899,15.2
81,69,0,0.895,15.1
85,72,0,0.889,15
84,74,0,0.89,15.2
82,75,0,0.888,15.2
79.7,78,0,0.879,15.1
64.5,293,6,0.553,9
64.4,294,7,0.575,9
63.6,37,7,0.635,13
62.8,32,7,0.645,12.5
71.7,163,7,0.646,12
73.7,127,7,0.65,11.7
73.8,124,7,0.648,11.8
73.8,122,8,0.651,11.6
73.8,121,8,0.644,11.5
73.7,123,8,0.636,11.4
73.5,127,9,0.624,11
73.2,131,9,0.61,10.6
73,134,9,0.599,10.3
72.8,135,9,0.596,10.2
72.7,135,10,0.589,10.1
72.6,136,10,0.588,10
69.7,161,10,0.625,11.3
69.6,162,10,0.622,11.3
69.3,163,10,0.617,11.2
68.8,164,10,0.613,11.1
68.1,166,10,0.608,11.1
67.3,171,10,0.603,11.1
66.7,174,10,0.601,11.1
66.4,178,10,0.592,10.8
66.1,181,10,0.586,10.9
65.9,183,10,0.579,10.7
65.5,194,10,0.572,10.6
65.9,177,11,0.563,10.5
65.2,182,11,0.553,10.1
64.3,193,12,0.543,9.8
64,194,13,0.535,9.7
63.7,198,14,0.529,9.6
74.9,148,8,0.738,13.6
74.6,152,8,0.737,13.6
74.5,153,9,0.733,13.6
74.3,154,9,0.729,13.7
74.1,155,10,0.72,13.3
73.9,158,10,0.711,13.1
73.7,16,11,0.706,13
73.5,162,11,0.7,12.9
73.3,165,12,0.687,12.3
73,168,13,0.686,12.4
72.5,177,13,0.682,12
71.6,189,14,0.674,11.9
71.7,189,15,0.666,11.8
71.4,192,16,0.657,11.5
71.2,194,17,0.649,11.2
71.1,194,18,0.64,10.9
75.7,12,0,0.746,12.9
75.5,12,0,0.743,12.9
75.3,14,0,0.741,12.9
75.1,15,0,0.739,12.9
74.9,17,0,0.735,12.9
74.7,18,0,0.732,13
74.4,111,0,0.73,13
74.2,111,0,0.714,12.2
73.5,12,0,0.709,12.2
73.7,122,0,0.703,12.1
73.6,12,0,0,11.9
73.5,12,0,0,11.9
73.2,126,0,0,11.9
72.8,128,0,0,11.9
73.1,126,0,0,11.8
72.6,125,0,0,11.7
68.3,152,2,0.603,12.5
68,155,2,0.612,12.5
67.7,158,2,0.62,12.5
67.4,159,2,0.618,12.5
67.2,161,2,0.607,12.5
66.9,163,2,0.599,12.4
66.6,165,2,0.599,12.1
66.2,168,2,0.566,11.7
65.8,173,2,0.541,11.3
64.9,186,2,0.511,11
63.7,26,3,0.492,10.6
62.3,229,3,0.484,10.2
61,25,3,0.485,9.8
62,261,3,0.475,9.8
59.4,269,3,0.47,9.8
58.7,276,3,0,0
59.9,287,13,0.484,12
59.7,285,13,0.475,12
59.4,287,14,0.47,12
58.9,294,14,0.464,12
58.3,34,14,0.457,11.5
57.4,323,14,0.449,11
56.7,336,14,0.442,10.6
56.2,344,14,0.441,10.1
55.9,344,14,0.443,10.6
55.7,345,15,0.436,10.2
55,357,15,0.435,10.1
54.9,355,15,0.432,10
54.7,355,15,0.428,9.9
54.7,351,15,0.428,9.7
54.6,345,14,0.426,9.4
54.6,339,14,0.425,9.3
73.5,133,0,0.718,14.3
73.3,135,0,0.716,14.3
73.2,137,0,0.718,14.3
73,138,0,0.717,14.4
72.9,14,0,0.712,14.4
72.8,142,0,0.707,14.4
72.5,147,0,0.703,14.5
72.6,145,0,0.698,14.5
72.5,146,0,0.698,14.5
72.4,148,0,0.695,14.6
72.3,15,0,0.694,14.6
72.2,151,0,0.693,14.6
72,153,0,0.683,13.7
71.9,155,0,0.679,13.5
71.8,157,0,0.674,13.2
71.6,158,0,0.676,13.7
71.2,17,0,0.779,12.7
71.1,171,0,0.778,12.7
71,172,0,0.773,12.7
78,174,0,0.772,12.6
76,176,0,0.774,12.6
74,179,0,0.772,12.5
71,183,0,0.773,12.5
69.9,185,0,0.767,12.4
69.7,187,0,0.76,12.4
69.6,188,0,0.751,12.3
69.5,189,0,0.745,12.3
69.4,19,0,0.736,12.2
69.3,191,0,0.729,12
69.2,192,0,0.721,11.9
69.1,194,0,0.715,11.8
69.1,197,0,0.709,11.7
75.3,1,3,0.723,14.6
75.1,12,3,0.722,14.7
74.9,13,3,0.72,14.7
74.9,13,3,0.717,14.6
74.8,13,3,0.714,14.5
74.8,12,3,0.71,14.4
74.7,12,3,0.706,14.4
74.7,12,3,0.701,14.3
74.6,12,3,0.695,14.3
74.4,12,3,0.689,14.2
74.2,14,3,0.683,13.9
74,15,3,0.673,13.6
73.7,17,4,0.667,13.5
73.5,19,4,0.662,13.3
73.2,11,4,0.654,13.1
72.9,112,4,0.646,12.8
75.8,16,15,0.764,14.5
75.5,17,16,0.759,14.5
75.2,19,17,0.754,14.4
74.8,112,19,0.75,14.3
74.5,114,20,0.737,13.8
74.2,116,21,0.715,13
73.9,118,23,0.709,12.5
73.5,121,25,0.705,12.5
73.2,124,26,0.697,12.3
72.8,126,28,0.687,11.9
72.4,129,30,0.681,11.9
72,132,33,0.675,12
71.6,135,35,0.668,11.9
71.2,138,38,0.658,11.5
78,14,41,0.653,11.1
74,143,44,0.641,10.7
66.3,215,6,0.688,10.8
66,217,7,0.683,10.8
65.4,228,7,0.678,10.7
65.6,22,7,0.672,10.7
65.6,217,7,0.665,10.6
65.8,211,7,0,10.6
65.6,215,6,0,10.5
64.5,235,6,0,10.5
64.1,241,6,0,10.4
63.7,245,6,0,10.4
63.3,248,6,0,10.3
63.5,238,6,0,10.3
63.4,231,7,0,10.3
63.3,229,7,0,10.2
64,221,7,0,10.2
63.8,224,7,0,0
,,0,,0
62.3,291,66,0.488,10
61.5,38,68,0.483,10
67,325,71,0.478,10
60,339,73,0.477,10
59.3,347,76,0.477,10.7
58.4,362,79,0.473,10.9
57.5,378,82,0.464,10.8
56.3,41,84,0.453,10.6
55.5,41,88,0.442,10.3
54.9,41,93,0.434,10.6
53.2,446,99,0.429,10.9
51.3,485,104,0.427,11.6
51,53,109,0.418,11.5
48.8,523,112,0.404,11
47.7,539,115,0.396,10.8
46.6,554,116,0.382,9.8
71.3,195,4,0.748,15.3
78,23,4,0.746,15.2
71,198,4,0.744,15.2
77,25,5,0.739,15.1
75,24,5,0.734,14.9
69.8,212,5,0.728,14.9
69.2,231,5,0.734,14.9
67.7,273,5,0.73,14.9
67.5,277,5,0.723,14.8
67.7,267,5,0.716,14.7
67,278,5,0.707,14.5
67.4,267,5,0.7,14.6
67.6,256,6,0.691,14.3
67.6,256,6,0.683,13.9
67.7,253,6,0.673,13.2
67.5,257,6,0.669,13.3
77.1,75,1,0.836,13.3
76.9,77,1,0.832,13.3
76.7,78,1,0.829,13.3
76.5,8,1,0.826,13.3
76.3,81,1,0.824,13.3
76.2,82,1,0.826,13.3
76,84,1,0.831,13.2
75.8,85,1,0.829,13.1
75.6,87,1,0.826,12.9
75.4,89,1,0.823,12.8
75.3,92,1,0.818,12.6
75.1,95,1,0.813,12.4
74.9,98,1,0.808,12.3
74.7,11,1,0.803,12.1
74.5,14,1,0.798,12
74.2,17,1,0.791,11.8
81.2,69,3,,
81,71,3,,
87,72,3,,
86,72,3,,
86,74,3,,
82,77,3,,
81,78,4,,
79.6,8,4,,
79.5,8,4,,
79.3,82,4,,
79,82,4,,
78.8,83,4,,
78.3,86,4,,
78.2,87,4,,
78,88,4,,
77.8,89,4,,
61.8,279,85,,
67,34,86,,
59.7,323,86,,
58.6,348,87,,
58.3,348,88,,
57.5,36,89,,
56.9,368,91,,
56.2,376,92,,
54.5,411,94,,
53.1,437,96,,
52.2,449,97,,
51.5,454,100,,
58,459,103,,
52,46,106,,
49.6,46,110,,
49.2,457,114,,
79.3,13,23,,
79.1,14,23,,
78.9,16,23,,
78.8,16,24,,
78.7,16,25,,
78.7,15,25,,
78.5,18,26,,
78.2,18,27,,
78.1,11,27,,
77.8,113,28,,
77.5,112,28,,
77.5,111,28,,
77.2,114,28,,
77,115,28,,
76.9,115,28,,
76.8,114,28,,
77,116,0,0.794,15.5
76.8,117,0,0.791,15.5
76.8,117,0,0.788,15.5
76.5,118,0,0.784,15.5
77,111,0,0.78,15.5
76.3,118,0,0.777,15.6
76.6,118,0,0.774,15.5
76.4,119,1,0.77,15.7
75.4,124,1,0.76,15.3
76.2,117,1,0.756,15.2
75.7,123,1,0.753,15.5
75.4,122,1,0.75,15.5
75.4,121,1,0.747,15
75.4,124,1,0.746,14.7
75.2,123,1,0.742,14.2
75.1,131,1,0.738,14
69.4,184,15,0.697,12.1
69.2,184,16,0.69,12.1
69.1,185,17,0.681,12
68.8,184,18,0.673,12
68.5,183,19,0.664,12
68.3,183,20,0.657,11.9
68,183,21,0.651,11.8
67.9,184,22,0.644,11.9
67.8,184,22,0.631,11.8
67.6,185,23,0.626,11.8
67.3,192,24,0.62,11.7
67.8,183,24,0.613,11.6
67.2,183,25,0.607,11.3
67.1,186,27,0.6,11
67.4,185,28,0.594,10.7
67.1,189,30,0,10.6
72,13,0,0.598,10.8
71.7,134,0,0.596,10.8
71.6,135,0,0.591,10.8
71.4,138,0,0.592,10.8
71.2,141,0,0.591,10.8
71,145,0,0.59,10.8
78,149,0,0.589,10.7
75,153,0,0.582,10.7
73,157,0,0.579,10.7
71,161,0,0.572,10.6
69.9,165,0,0,10.6
69.6,169,0,0,10.7
69.4,173,0,0,10.4
69.3,176,0,0,10.2
69.1,179,0,0,10.1
69,18,0,0,9.6
74.1,157,9,0.769,14.3
73.9,158,9,0.771,14.2
73.8,159,9,0.77,14.2
73.7,161,9,0.767,14.1
73.8,158,9,0.756,14.1
73.7,158,9,0.754,14
73.6,166,9,0.754,14
73.2,168,9,0.745,13.4
73.4,165,9,0.728,12.9
73.6,163,9,0.714,12.4
73.6,158,9,0.7,11.8
73.3,161,10,0.687,11.6
72.4,172,10,0.688,11.6
73.1,167,10,0.684,11
72.5,169,10,0.672,10.4
72.5,168,11,0.67,10.6
76,127,28,0.678,12.6
75.9,128,28,0.675,12.5
75.7,129,28,0.668,12.3
75.6,13,29,0.662,12.2
75.4,131,29,0.655,12
75.2,133,29,0.647,11.9
75,134,29,0.641,11.7
74.9,135,28,0.633,11.6
74.7,136,28,0.625,11.4
74.6,136,28,0.618,11.3
74.4,136,29,0.609,11.1
74.2,136,29,0.601,11
74,137,30,0.592,10.9
73.8,137,30,0.584,10.7
73.6,138,32,0.576,10.6
73.4,139,33,0.569,10.4
65.7,224,37,0.499,9
65.4,228,37,0.5,9
65.4,226,36,0.498,9
64.7,236,36,0.494,9
64.6,234,35,0.493,8.6
64.4,233,35,0.488,8.5
64.1,235,36,0.483,8.4
63.8,238,37,0.48,8.5
63.4,24,38,0.477,8.6
63,242,39,0.475,8.7
62.6,245,40,0.47,8.6
62.2,247,42,0.464,8.4
61.9,249,43,0.457,8.2
61.5,25,45,0.45,8
61.1,251,46,0.444,7.9
68,252,48,0.436,7.7
61.8,33,27,0.576,12.5
61.1,314,28,0.57,12.5
63,328,29,0.565,12.5
59.2,349,29,0.554,12.3
58.2,366,29,0.543,12
58,363,30,0.533,11.8
57.4,368,30,0.518,11.6
55.7,45,31,0.504,11.4
52.6,487,32,0.492,11.1
58,526,33,0.479,10.9
49.3,554,34,0.467,10.7
47.9,578,36,0.456,10.5
46.4,64,39,0.443,10.2
45.5,69,41,0.433,10
44.6,611,43,0.424,9.8
43.8,614,44,0.418,9.6
67,336,22,0.507,10.3
59.2,371,23,0.498,10.3
58,399,25,0.488,10.4
56.6,429,26,0.464,9.8
54.9,464,28,0.452,10.1
52.4,527,29,0.436,10
50,587,30,0.419,9.9
48.2,632,30,0.421,9.7
46.6,67,29,0.414,9.6
45.4,7,28,0.408,9.5
44.6,717,28,0.406,9.3
44.3,723,27,0.407,9.2
44.5,715,26,0.418,9.5
44.8,73,25,0.427,10
45.3,686,25,0.427,9.8
46,665,24,0.434,9.8
